img1,img2,img3,img4,img5,img6,img7,img8,img9,Title,Brand,Price,Quantity,Product_URL,Description,img10
https://s.catch.com.au/images/product/0141/141620/6459a009784fc795677496_w143h117.webp,https://s.catch.com.au/images/product/0141/141620/6459a00a8c7e7270229423_w143h117.webp,https://s.catch.com.au/images/product/0141/141620/6459a00ae25e0647500279_w143h117.webp,https://s.catch.com.au/images/product/0141/141620/6459a00b4a4e1558244821_w143h117.webp,https://s.catch.com.au/images/product/0141/141620/6459a00b9ab96231292246_w143h117.webp,https://s.catch.com.au/images/product/0141/141620/6459a00bf40bc378122222_w143h117.webp,https://s.catch.com.au/images/product/0141/141620/6459a00c618ba822703917_w143h117.webp,https://s.catch.com.au/images/product/0141/141620/6459a00cc0a9f047808505_w143h117.webp,https://s.catch.com.au/images/product/0141/141620/6459a00d16186185791188_w143h117.webp,,,,,,,
,,,,,,,,,OPEN LED Neon Sign Light USB Powered for Business Shop Bar Restaurant - 48x22cm,Vido,96.69,[],https://www.catch.com.au/product/open-led-neon-sign-light-usb-powered-for-business-shop-bar-restaurant-48x22cm-23763325/,"Product Description:-LED OPEN Neon Sign-USB Powered-Safer and Saves your powerFeatures:-Operating Voltage: USB powered-LED neon lights, good energy efficiency.-Light weight and easy to install. Safe to touch and operate.-For indoor use only.-Super Slim Cutting-Edge Design Dimension Measurement: 48cm wide by 22cm long-Up to 100,000 hours of operation Time.Specifications:-Size: 48CM x 22CM, OPEN is red and the border is blue.Package Inclusions:-1 x LED Neon SignNotes:-Actual colors may vary due to computer monitors displaying colors differently.-Due to the nature of the manufacturing process and manual measurement, product sizing may vary slightly.",
https://s.catch.com.au/images/product/0141/141620/6459a0097a8dc944127884_w143h117.webp,https://s.catch.com.au/images/product/0141/141620/6459a00b16ff6268366857_w143h117.webp,https://s.catch.com.au/images/product/0141/141620/6459a00b6b48c039013516_w143h117.webp,https://s.catch.com.au/images/product/0141/141620/6459a00c0ec6a177182165_w143h117.webp,https://s.catch.com.au/images/product/0141/141620/6459a00c664a9972414321_w143h117.webp,,,,,,,,,,,
,,,,,,,,,Home Wine Ice Bucket Stainless Steel Occasions Restaurant Hotels - 2x,SISOO,62.44,[],https://www.catch.com.au/product/home-wine-ice-bucket-stainless-steel-occasions-restaurant-hotels-2x-23763324/,"Features:-Throw in some ice and your favourite wine or champagne.-Ring handles-Sleek and modern design-Easy cleanSpecifications:-Material: Stainless SteelPackage Inclusions:-2 x Wine Ice Bucket Stainless SteelNotes:-Actual colors may vary due to computer monitors displaying colors differently.-Due to the nature of the manufacturing process and manual measurement, product sizing may vary slightly.",
https://s.catch.com.au/images/product/0141/141620/6459a009849b5925652634_w143h117.webp,https://s.catch.com.au/images/product/0141/141620/6459a00ad40b0150699737_w143h117.webp,https://s.catch.com.au/images/product/0141/141620/6459a00b35404849815550_w143h117.webp,https://s.catch.com.au/images/product/0141/141620/6459a00b88f58779268287_w143h117.webp,https://s.catch.com.au/images/product/0141/141620/6459a00be5000257667668_w143h117.webp,https://s.catch.com.au/images/product/0141/141620/6459a00c477ae017191614_w143h117.webp,https://s.catch.com.au/images/product/0141/141620/6459a00c96b55089272175_w143h117.webp,https://s.catch.com.au/images/product/0141/141620/6459a00ce1f29957605516_w143h117.webp,https://s.catch.com.au/images/product/0141/141620/6459a00d44ff4758290494_w143h117.webp,,,,,,,https://s.catch.com.au/images/product/0141/141620/6459a00d8f047598819650_w143h117.webp
,,,,,,,,,Half Face Gas Mask Facepiece Spray Painting Respirator Gas Mask Cover - 7 in 1,Vido,37.16,[],https://www.catch.com.au/product/half-face-gas-mask-facepiece-spray-painting-respirator-gas-mask-cover-7-in-1-23763323/,"Features:-Comfortable To Wear: The face cover is made of food-grade silicone material, and the elastic silicone perfectly fits the facial skin for a firm seal. The soft silicone will not make you feel uncomfortable. Headband can be adjusted.-Low Face Cover Resistance: The flow piston in front of the face cover can effectively reduce heat and moisture to promote breathing, and reduce the risk of user fatigue.-Ingenious Design: Both sides of the filter box can effectively filter particles, and the filter box can be removed and replaced. Half face-piece face cover, lightweight, balanced design, compatible with welding and sanding protection.-Reusable: The face cover is reusable and has a replaceable filter cotton in the package. At the same time, the face cover has a detachable filter box, which is easy and quick to disassemble.-Application: Reusable face cover has detachable filter boxes that effectively and comfortably protects you against certain particulates of a specific concentration. Suitable for painting, polishing, welding and environmental technology protection.Specifications:-Colour: Gray-Material: Rubber-Package size: 16.5cmx11cmx14cm-Package weight: 380gPackage Inclusions:-1 x Mask-2 x Filter Cartridge-2 x Filter-2 x Filter ContainerNotes:-Actual colors may vary due to computer monitors displaying colors differently.-Due to the nature of the manufacturing process and manual measurement, product sizing may vary slightly.",
https://s.catch.com.au/images/product/0141/141620/6459a00971bf5491264737_w143h117.webp,https://s.catch.com.au/images/product/0141/141620/6459a00adf44a929761706_w143h117.webp,https://s.catch.com.au/images/product/0141/141620/6459a00b35245325977731_w143h117.webp,https://s.catch.com.au/images/product/0141/141620/6459a00b850bc962795782_w143h117.webp,https://s.catch.com.au/images/product/0141/141620/6459a00bdaab2709418584_w143h117.webp,https://s.catch.com.au/images/product/0141/141620/6459a00c34cfa333535252_w143h117.webp,https://s.catch.com.au/images/product/0141/141620/6459a00c8ab92227288210_w143h117.webp,https://s.catch.com.au/images/product/0141/141620/6459a00ce6f99208047707_w143h117.webp,,,,,,,,
,,,,,,,,,Full Face Paintball Airsoft Mask Motorcycle Goggle Tactical Detachable Face Mask,SISOO,35.09,[],https://www.catch.com.au/product/full-face-paintball-airsoft-mask-motorcycle-goggle-tactical-detachable-face-mask-23763321/,"Features:-Material: The lens is made of PC material, which is very tenacious, wear-resistant, anti-glare, and anti-UV. The frame and mask are both made of TPU material with strong toughness and are super impact-resistant.-Comfortable Sponge: The high-density comfortable sponges are padded around the outer rim of the frame, effectively easing facial pressure and ensuring a comfortable wearing experience.-Adjustable Elastic Band: The high elastic band with an adjustable buckle fits any head size and provides a comfortable wearing experience and good protection. No need to worry about it dropping from your face during outdoor sports.-Ergonomic Design: The arc design provides a broad vision, and the holes on both sides of the mask allow for smooth air circulation, keeping you breathing fresh air.-Broad Use: Ideal for outdoor sports, such as cycling, motorcycling, riding, snowmobile, airsoft, CS, desert off-road riding racing, skiing, and riding. It can also be used for costume balls, Halloween parties, movie props, and makes a great gift for friends and family.Specifications:-Material: TPU and PC-Color: Yellow lens and Black mask-Size: 185x180mmPackage Inclusions:-1 x Motorcycle GogglesNotes:-Actual colors may vary due to computer monitors displaying colors differently.-Due to the nature of the manufacturing process and manual measurement, product sizing may vary slightly.",
https://s.catch.com.au/images/product/0140/140586/6448c14eb8f82459524967_w143h117.webp,https://s.catch.com.au/images/product/0140/140586/6448c1501f100556373981_w143h117.webp,https://s.catch.com.au/images/product/0140/140586/6448c15059cd6222490503_w143h117.webp,https://s.catch.com.au/images/product/0140/140586/6448c150aa119220054239_w143h117.webp,https://s.catch.com.au/images/product/0140/140586/6448c15109128526048476_w143h117.webp,https://s.catch.com.au/images/product/0140/140586/6448c151549dc206547246_w143h117.webp,https://s.catch.com.au/images/product/0140/140586/6448c151a0f92200723688_w143h117.webp,https://s.catch.com.au/images/product/0140/140586/6448c151ee0aa491146139_w143h117.webp,https://s.catch.com.au/images/product/0140/140586/6448c1524e4cf881907069_w143h117.webp,,,,,,,https://s.catch.com.au/images/product/0140/140586/6448c152aa265832357775_w143h117.webp
,,,,,,,,,Heavy Duty Metal Bookends Decorative Book Ends Holder Stationery Supplies - 2pcs - Black Tree,SISOO,37.07,[],https://www.catch.com.au/product/heavy-duty-metal-bookends-decorative-book-ends-holder-stationery-supplies-2pcs-black-tree-23590667/,"Features:-Heavy-duty Metal: Durable metal materials and electrostatic spraying on the surface can prolong the service life of the bookends. The rounded corners increase the safety factor, prevent the hand from being scratched, and are safe and reliable.-Non-slip Base: There are 4 black foam pads at the bottom of the book end to prevent slippage and make it more stable. It can be used normally in the office, study, living room, bedroom and even bathroom.-Unique Design: This bookend adopts the unique design of the tree shadow. The stylish and simple shape is not only suitable for office places, but also a great choice for your home decor.-Best Storage Helper: The metal bookend is definitely your best helper for work and study. It puts magazines, books, catalogs, folders, recipes, CDs, and other items on the shelf and can be found at any time.-Practical Gifts: This is a unique gift that is both beautiful and practical, for those who like books, especially children, students, teenagers and teachers. Suitable for all events and festivals.Specifications:-Material: Iron-Colour: Black, White-Size:-Standing height: 17.5 cm-Width: 12 cm-Foot base length: 12 cm-Width: 9 cmPackage Inclusions:-1 x Pair of BookendsNotes:-Actual colors may vary due to computer monitors displaying colors differently.-Due to the nature of the manufacturing process and manual measurement, product sizing may vary slightly.",
https://s.catch.com.au/images/product/0140/140586/6448c14e969ef640383304_w143h117.webp,https://s.catch.com.au/images/product/0140/140586/6448c14fb86f3999333803_w143h117.webp,https://s.catch.com.au/images/product/0140/140586/6448c15008600327206726_w143h117.webp,https://s.catch.com.au/images/product/0140/140586/6448c1504ebe1711293538_w143h117.webp,https://s.catch.com.au/images/product/0140/140586/6448c15097660408706723_w143h117.webp,https://s.catch.com.au/images/product/0140/140586/6448c150d094d938714806_w143h117.webp,https://s.catch.com.au/images/product/0140/140586/6448c15123066213124720_w143h117.webp,https://s.catch.com.au/images/product/0140/140586/6448c1515c64e925087430_w143h117.webp,https://s.catch.com.au/images/product/0140/140586/6448c15199a27114421623_w143h117.webp,,,,,,,
,,,,,,,,,Adjustable Keyboard Stand Heights Folding Double Braced Music Piano - X Style,Vido,58.5,[],https://www.catch.com.au/product/adjustable-keyboard-stand-heights-folding-double-braced-music-piano-x-style-23590664/,"Features:-Double-braced X design for extra strength and maximum stability-Bullet-nose pull knob for quick and simple height and width adjustments-Adjusts from 32cm to 97cm in height-Durable and Lightweight all-metal tubular construction-Non-abrasive, anti-slip rubber end caps and Keyboard securing straps provided.Specifications:-Material: Steel-Weight: 2.5kg approx.-7 Height Adjustments: Between 32cm to 97cm-Max Load Capacity: 40-50kg-Colour: BlackPackage Inclusions:-1 x Double-braced X Keyboard StandNotes:-Actual colors may vary due to computer monitors displaying colors differently.-Due to the nature of the manufacturing process and manual measurement, product sizing may vary slightly.",
https://s.catch.com.au/images/product/0140/140586/6448c14ea5203866212266_w143h117.webp,https://s.catch.com.au/images/product/0140/140586/6448c14fc30be495534283_w143h117.webp,https://s.catch.com.au/images/product/0140/140586/6448c1502b9b8085232538_w143h117.webp,https://s.catch.com.au/images/product/0140/140586/6448c1507eee8744649207_w143h117.webp,https://s.catch.com.au/images/product/0140/140586/6448c150c63b8266580387_w143h117.webp,https://s.catch.com.au/images/product/0140/140586/6448c15138629704331081_w143h117.webp,https://s.catch.com.au/images/product/0140/140586/6448c1518508a572626238_w143h117.webp,https://s.catch.com.au/images/product/0140/140586/6448c151cdc34243908678_w143h117.webp,https://s.catch.com.au/images/product/0140/140586/6448c15232b68023862114_w143h117.webp,,,,,,,https://s.catch.com.au/images/product/0140/140586/6448c15286029342438629_w143h117.webp
,,,,,,,,,Heavy Duty Metal Bookends Decorative Book Ends Holder Stationery Supplies - 2pcs - White Tree,SISOO,37.07,[],https://www.catch.com.au/product/heavy-duty-metal-bookends-decorative-book-ends-holder-stationery-supplies-2pcs-white-tree-23590663/,"Features:-Heavy-duty Metal: Durable metal materials and electrostatic spraying on the surface can prolong the service life of the bookends. The rounded corners increase the safety factor, prevent the hand from being scratched, and are safe and reliable.-Non-slip Base: There are 4 black foam pads at the bottom of the book end to prevent slippage and make it more stable. It can be used normally in the office, study, living room, bedroom and even bathroom.-Unique Design: This bookend adopts the unique design of the tree shadow. The stylish and simple shape is not only suitable for office places, but also a great choice for your home decor.-Best Storage Helper: The metal bookend is definitely your best helper for work and study. It puts magazines, books, catalogs, folders, recipes, CDs, and other items on the shelf and can be found at any time.-Practical Gifts: This is a unique gift that is both beautiful and practical, for those who like books, especially children, students, teenagers and teachers. Suitable for all events and festivals.Specifications:-Material: Iron-Colour: Black, White-Size:-Standing height: 17.5 cm-Width: 12 cm-Foot base length: 12 cm-Width: 9 cmPackage Inclusions:-1 x Pair of BookendsNotes:-Actual colors may vary due to computer monitors displaying colors differently.-Due to the nature of the manufacturing process and manual measurement, product sizing may vary slightly.",
https://s.catch.com.au/images/product/0140/140586/6448c14eabdbe771789611_w143h117.webp,https://s.catch.com.au/images/product/0140/140586/6448c150215b1906118814_w143h117.webp,https://s.catch.com.au/images/product/0140/140586/6448c1506daad739134185_w143h117.webp,https://s.catch.com.au/images/product/0140/140586/6448c150cb3ea406145756_w143h117.webp,https://s.catch.com.au/images/product/0140/140586/6448c15126059562517077_w143h117.webp,https://s.catch.com.au/images/product/0140/140586/6448c15168383837505216_w143h117.webp,https://s.catch.com.au/images/product/0140/140586/6448c151ba4bc096816665_w143h117.webp,https://s.catch.com.au/images/product/0140/140586/6448c152155f4313209368_w143h117.webp,https://s.catch.com.au/images/product/0140/140586/6448c15269fee064091828_w143h117.webp,,,,,,,https://s.catch.com.au/images/product/0140/140586/6448c152b246f474497979_w143h117.webp
,,,,,,,,,Heavy Duty Metal Bookends Decorative Book Ends Holder Stationery Supplies - 2pcs - Black Bird,SISOO,37.07,[],https://www.catch.com.au/product/heavy-duty-metal-bookends-decorative-book-ends-holder-stationery-supplies-2pcs-black-bird-23590662/,"Features:-Heavy-duty Metal: Durable metal materials and electrostatic spraying on the surface can prolong the service life of the bookends. The rounded corners increase the safety factor, prevent the hand from being scratched, and are safe and reliable.-Non-slip Base: There are 4 black foam pads at the bottom of the book end to prevent slippage and make it more stable. It can be used normally in the office, study, living room, bedroom and even bathroom.-Unique Design: This bookend adopts the unique design of the tree shadow. The stylish and simple shape is not only suitable for office places, but also a great choice for your home decor.-Best Storage Helper: The metal bookend is definitely your best helper for work and study. It puts magazines, books, catalogs, folders, recipes, CDs, and other items on the shelf and can be found at any time.-Practical Gifts: This is a unique gift that is both beautiful and practical, for those who like books, especially children, students, teenagers and teachers. Suitable for all events and festivals.Specifications:-Material: Iron-Colour: Black, White-Size:-Standing height: 17.5 cm-Width: 12 cm-Foot base length: 12 cm-Width: 9 cmPackage Inclusions:-1 x Pair of BookendsNotes:-Actual colors may vary due to computer monitors displaying colors differently.-Due to the nature of the manufacturing process and manual measurement, product sizing may vary slightly.",
https://s.catch.com.au/images/product/0140/140586/6448c14e9fe45757105586_w143h117.webp,https://s.catch.com.au/images/product/0140/140586/6448c14fb3170832293782_w143h117.webp,https://s.catch.com.au/images/product/0140/140586/6448c1501bf37672519925_w143h117.webp,,,,,,,,,,,,,
,,,,,,,,,Aluminum Guitar Capo Trigger Spring Acoustic Electric Clamp Quick Change Release - Blue,SISOO,20.9,[],https://www.catch.com.au/product/aluminum-guitar-capo-trigger-spring-acoustic-electric-clamp-quick-change-release-blue-23590660/,"Features:-Easy to use and quick release-Portable and convenient-Ideal for altering the pitch of Guitar, Banjo, Ukulele, and Mandolin.Specifications:-Material: Metal-Colour: Black, Blue, Red, Gold, SilverPackage Inclusions:-1 x Guitar CapoNotes:-Actual colors may vary due to computer monitors displaying colors differently.-Due to the nature of the manufacturing process and manual measurement, product sizing may vary slightly.",
https://s.catch.com.au/images/product/0140/140586/6448c14ea2a10944569441_w143h117.webp,https://s.catch.com.au/images/product/0140/140586/6448c14fb1c81825511666_w143h117.webp,https://s.catch.com.au/images/product/0140/140586/6448c1500eb8a377929763_w143h117.webp,,,,,,,,,,,,,
,,,,,,,,,Aluminum Guitar Capo Trigger Spring Acoustic Electric Clamp Quick Change Release - Silver,SISOO,20.9,[],https://www.catch.com.au/product/aluminum-guitar-capo-trigger-spring-acoustic-electric-clamp-quick-change-release-silver-23590659/,"Features:-Easy to use and quick release-Portable and convenient-Ideal for altering the pitch of Guitar, Banjo, Ukulele, and Mandolin.Specifications:-Material: Metal-Colour: Black, Blue, Red, Gold, SilverPackage Inclusions:-1 x Guitar CapoNotes:-Actual colors may vary due to computer monitors displaying colors differently.-Due to the nature of the manufacturing process and manual measurement, product sizing may vary slightly.",
https://s.catch.com.au/images/product/0140/140586/6448c14e8c979604816939_w143h117.webp,https://s.catch.com.au/images/product/0140/140586/6448c14fa5917928291185_w143h117.webp,https://s.catch.com.au/images/product/0140/140586/6448c14ff328e212762096_w143h117.webp,,,,,,,,,,,,,
,,,,,,,,,Aluminum Guitar Capo Trigger Spring Acoustic Electric Clamp Quick Change Release - Gold,SISOO,20.9,[],https://www.catch.com.au/product/aluminum-guitar-capo-trigger-spring-acoustic-electric-clamp-quick-change-release-gold-23590658/,"Features:-Easy to use and quick release-Portable and convenient-Ideal for altering the pitch of Guitar, Banjo, Ukulele, and Mandolin.Specifications:-Material: Metal-Colour: Black, Blue, Red, Gold, SilverPackage Inclusions:-1 x Guitar CapoNotes:-Actual colors may vary due to computer monitors displaying colors differently.-Due to the nature of the manufacturing process and manual measurement, product sizing may vary slightly.",
https://s.catch.com.au/images/product/0139/139523/643f510de6614983817883_w143h117.webp,https://s.catch.com.au/images/product/0139/139523/643f510f0ba00981815559_w143h117.webp,https://s.catch.com.au/images/product/0139/139523/643f510f49497482678150_w143h117.webp,https://s.catch.com.au/images/product/0139/139523/643f510f99b03415931083_w143h117.webp,https://s.catch.com.au/images/product/0139/139523/643f510fede07064656688_w143h117.webp,https://s.catch.com.au/images/product/0139/139523/643f51104468e623946589_w143h117.webp,https://s.catch.com.au/images/product/0139/139523/643f5110911b4570142842_w143h117.webp,https://s.catch.com.au/images/product/0139/139523/643f5110dd055904968170_w143h117.webp,https://s.catch.com.au/images/product/0139/139523/643f5111523e4363138164_w143h117.webp,,,,,,,
,,,,,,,,,Cat Litter Scoop Integrated Detachable Shovel Holder Poop Pet Sifter Cleaning,SISOO,50.53,[],https://www.catch.com.au/product/cat-litter-scoop-integrated-detachable-shovel-holder-poop-pet-sifter-cleaning-23351672/,"Features:-Simpler-single-handed operation, combining picking and bagging in a quick and simple operation.-Cleaner-additional trash bin and clever trapdoor design make it easier to clean the trash bin.-Hygiene-All-in-one system keeps cluttered. No more spilled waste.-Quick disposal: When finished, just take out the shovel from the trash can, tie the trash bag, and then throw the bag away.Specifications:-Size: 12 x 16 x 29cm-Cat Litter Scoop Material: PP-Colour: As per picture showsPackage Inclusions:-1 x Cat Litter Scoop-1 x Roll Garbage BagNotes:-Actual colors may vary due to computer monitors displaying colors differently.-Due to the nature of the manufacturing process and manual measurement, product sizing may vary slightly.",
https://s.catch.com.au/images/product/0139/139523/643f510e1a290508548804_w143h117.webp,https://s.catch.com.au/images/product/0139/139523/643f510fb8e17191756223_w143h117.webp,https://s.catch.com.au/images/product/0139/139523/643f5110154a0235359892_w143h117.webp,https://s.catch.com.au/images/product/0139/139523/643f51106757a782171591_w143h117.webp,https://s.catch.com.au/images/product/0139/139523/643f5110b0db2306193555_w143h117.webp,https://s.catch.com.au/images/product/0139/139523/643f5111200ea025933782_w143h117.webp,https://s.catch.com.au/images/product/0139/139523/643f511175f3e013455795_w143h117.webp,https://s.catch.com.au/images/product/0139/139523/643f511201176758081246_w143h117.webp,https://s.catch.com.au/images/product/0139/139523/643f511264ed9301458827_w143h117.webp,,,,,,,
,,,,,,,,,Pet Toilet Training Pads Puppy Dog Cat Indoor Super Absorbent - 60x60cm,SISOO,103.38,[],https://www.catch.com.au/product/pet-toilet-training-pads-puppy-dog-cat-indoor-super-absorbent-60x60cm-23351671/,"Features:-High quality soft non-woven fabric-Super absorbent pet pad-Antibacterial protection-Tear resistant covers-Leak-proof Plastic Liner anti-leakage PE film-Neutralizes odors-Cover a large area-12 hours of protection-Suitable for training or lining an incontinent pets bedSpecifications:-Quantity: 200, 400pcs-Dimensions: 60cm x 60cm-Colour: BluePackage Inclusions:-200, 400 x Puppy PadNotes:-Actual colors may vary due to computer monitors displaying colors differently.-Due to the nature of the manufacturing process and manual measurement, product sizing may vary slightly.",
https://s.catch.com.au/images/product/0139/139523/643f510e1f0cc998883458_w143h117.webp,https://s.catch.com.au/images/product/0139/139523/643f510f9e734121599734_w143h117.webp,https://s.catch.com.au/images/product/0139/139523/643f51100d553410455310_w143h117.webp,https://s.catch.com.au/images/product/0139/139523/643f51105301d459052837_w143h117.webp,https://s.catch.com.au/images/product/0139/139523/643f5110cfd2d495574920_w143h117.webp,https://s.catch.com.au/images/product/0139/139523/643f51114f10b365592788_w143h117.webp,,,,,,,,,,
,,,,,,,,,Pet Dog Cat Elizabethan Collar Cone Collar Mesh Recovery Collar Soft Adjustable - Blue Green,SISOO,28.62,[],https://www.catch.com.au/product/pet-dog-cat-elizabethan-collar-cone-collar-mesh-recovery-collar-soft-adjustable-blue-green-23351668/,"Features:-Three-dimensional Construction: The soft cone for dogs is made of a soft mesh material. Breathable and flexible, the Dog Cone is not only lightweight but also easy to clean and can be used for machine washing.-Super Soft: The cone does not block your pets view and they can eat, drink and play as normal. A soft dog cone collar is much more comfortable than a hard plastic cone collar.-No Shedding: This dog surgery collar has an adjustable hook and loop strap and comes in 4 sizes for you to choose from to fit different sized dogs. It can be retracted and released freely and fits your dogs neck better.-Protector: This dog cone for pets is great for protecting wounds after surgery and promoting recovery from surgery or wounds. Helps prevent pets from biting and licking their injured or surgical site.Specifications:-Material: Mesh-Colour: Blue Green-Product Size: S, M, L, XL-Weight: 40g, 75g, 105g, 140g-Size: Neck Circumference-S: 23-27cm-M: 30-35cm-L: 38-44cm-XL: 47-53cmPackage Inclusions:-1 x Pet Recovery Elizabethan CollarNotes:-Actual colors may vary due to computer monitors displaying colors differently.-Due to the nature of the manufacturing process and manual measurement, product sizing may vary slightly.",
https://s.catch.com.au/images/product/0139/139523/643f510df3866222260447_w143h117.webp,https://s.catch.com.au/images/product/0139/139523/643f510f37004670439927_w143h117.webp,https://s.catch.com.au/images/product/0139/139523/643f510f7dcec030961968_w143h117.webp,https://s.catch.com.au/images/product/0139/139523/643f510fc7aee744360465_w143h117.webp,https://s.catch.com.au/images/product/0139/139523/643f51101525c749402401_w143h117.webp,https://s.catch.com.au/images/product/0139/139523/643f51105fab8291418764_w143h117.webp,https://s.catch.com.au/images/product/0139/139523/643f51109f92e848928521_w143h117.webp,https://s.catch.com.au/images/product/0139/139523/643f5110f1b37088610346_w143h117.webp,https://s.catch.com.au/images/product/0139/139523/643f5111464a9139232107_w143h117.webp,,,,,,,https://s.catch.com.au/images/product/0139/139523/643f511187c84886613559_w143h117.webp
,,,,,,,,,Water Trough Stainless Steel Bowl Auto Drinking For Dog Horse Chicken Auto Fill,SISOO,63.46,[],https://www.catch.com.au/product/water-trough-stainless-steel-bowl-auto-drinking-for-dog-horse-chicken-auto-fill-23351667/,"Product Description:-The bowl made of stainless steel material, corrosion-resistant, high temperature and durable.-Bowl water device, a fixed amount of water, to avoid drinking water will be extra drops of water on the ground, resulting in waste and wet ground.-Perfect for horses, goats, sheep, cattle and etc.Features:-Care free operation allowing you to do away with the worry of animals running out of water.-Stainless Steel Float cover bolted down and does not swing open.-Drain incorporated for easy cleaning.-Designed to go anywhere, can be attached to tinmer posts, rails, walls etc.Specifications:-Bowl diameter: 25cm-Material: Stainless steel-Capacity: 2.4LPackage Inclusions:-1 x Automatic Drinking BowNotes:-Actual colors may vary due to computer monitors displaying colors differently.-Due to the nature of the manufacturing process and manual measurement, product sizing may vary slightly.",
https://s.catch.com.au/images/product/0139/139523/643f510dae054999994334_w143h117.webp,https://s.catch.com.au/images/product/0139/139523/643f510f4f449889669126_w143h117.webp,https://s.catch.com.au/images/product/0139/139523/643f510f9f675919640811_w143h117.webp,https://s.catch.com.au/images/product/0139/139523/643f510fee1b9586290654_w143h117.webp,https://s.catch.com.au/images/product/0139/139523/643f51107cda4853525355_w143h117.webp,,,,,,,,,,,
,,,,,,,,,Pet Dog Bowl Stainless Steel Paw Print Design Durable 350ml - 4pcs,SISOO,46.09,[],https://www.catch.com.au/product/pet-dog-bowl-stainless-steel-paw-print-design-durable-350ml-4pcs-23351666/,"Product Description:-These Stainless Steel Paw Print Dog Bowls are dishwasher safe, durable and rust proof.-With adorable paw prints printed on them, these bowls are a safe and healthy option for feeding your fur baby.Features:-Dishwasher Safe-Shatterproof-High Corrosion Resistant-Anti-bacterial and Non Toxic-Adorable Paw Print Designed-Ideal for Food and WaterSpecifications:-Size: 13cm-Capacity: 350mlPackage Inclusions:-4 x Stainless Steel Paw Print Dog BowlsNotes:-Actual colors may vary due to computer monitors displaying colors differently.-Due to the nature of the manufacturing process and manual measurement, product sizing may vary slightly.",
https://s.catch.com.au/images/product/0139/139523/643f510da47ff376683144_w143h117.webp,https://s.catch.com.au/images/product/0139/139523/643f510f115e4578979621_w143h117.webp,https://s.catch.com.au/images/product/0139/139523/643f510f639fb444591185_w143h117.webp,https://s.catch.com.au/images/product/0139/139523/643f510fb171a236017921_w143h117.webp,https://s.catch.com.au/images/product/0139/139523/643f511011b0e355286467_w143h117.webp,https://s.catch.com.au/images/product/0139/139523/643f511059db8783847059_w143h117.webp,https://s.catch.com.au/images/product/0139/139523/643f5110a33db551765465_w143h117.webp,,,,,,,,,
,,,,,,,,,Automatic Water Feeder Food Dispenser Pet Dog Cat Auto Self Feeding Bowl Bottle,SISOO,33.33,[],https://www.catch.com.au/product/automatic-water-feeder-food-dispenser-pet-dog-cat-auto-self-feeding-bowl-bottle-23351665/,"Features:-Novel Design: 0-15 degrees Tilt and Comfortable 7cm Raised Stand Design protects the cervical vertebrae. The double bowl design is multi-purpose, and the ear shape is particularly beautiful.-Automatic Water Supply: The siphon principle is used for stable control of the water level, and automatic water supply is provided with a 40oz reasonable water volume and 40oz large capacity.-Safety and Security: The food grade PP bowl and food grade PET level ensure the safety of your pet, which is of utmost importance.-Easy to Clean: The user-friendly separation design and detachable parts make cleaning simple, with no dead corners. We pay attention to the user experience for your convenience.Specifications:-Material: Rigid PlasticPackage Inclusions:-1 x Automatic Water Feeder Food DispenserNotes:-Actual colors may vary due to computer monitors displaying colors differently.-Due to the nature of the manufacturing process and manual measurement, product sizing may vary slightly.",
https://s.catch.com.au/images/product/0139/139523/643f510de4e48763769499_w143h117.webp,https://s.catch.com.au/images/product/0139/139523/643f510f61a68656596700_w143h117.webp,,,,,,,,,,,,,,
,,,,,,,,,Pet Dog Bowl Ant Proof Designed Rim Durable Non-Slip Base 22.5cm - 4pcs,SISOO,43.89,[],https://www.catch.com.au/product/pet-dog-bowl-ant-proof-designed-rim-durable-non-slip-base-22-5cm-4pcs-23351664/,"Product Description:-These dog bowls are cleverly designed, featuring an outer channel which is to be filled with water, preventing ants from reaching your pets food.-Your furry friend will enjoy eating and drinking ant free.Features:-Ant Proof Dog Bowls-Featuring Outer Channel To Prevent Ants Reaching Your Pets Food and Water-Non-Slip Base Keeps Bowl Sturdy-Durable High Quality Plastic-Shatterproof and Rustproof-Non-Toxic, BPA Free-Dishwasher Safe-Easy To Use: Fill Outer Channel With Water-Prevents Ants From Climbing Into Your Pets FoodSpecifications:-Qty: 4-Colour: Grey-Measurements: 22.5cm x 5.5cm x 16.5cmPackage Inclusions:-4 x Dog BowlNotes:-Actual colors may vary due to computer monitors displaying colors differently.-Due to the nature of the manufacturing process and manual measurement, product sizing may vary slightly.",
https://s.catch.com.au/images/product/0139/139523/643f510ae2aa5071792896_w143h117.webp,https://s.catch.com.au/images/product/0139/139523/643f510ddff40258757785_w143h117.webp,https://s.catch.com.au/images/product/0139/139523/643f510e46bc3508712036_w143h117.webp,https://s.catch.com.au/images/product/0139/139523/643f510e8eedd988438288_w143h117.webp,,,,,,,,,,,,
,,,,,,,,,Dog Rubber Fetch Balls Safe Play Time Fun Bright Colours 5.7cm - 12pcs,SISOO,46.09,[],https://www.catch.com.au/product/dog-rubber-fetch-balls-safe-play-time-fun-bright-colours-5-7cm-12pcs-23351663/,"Product Description:-Your pooch will love the bounce these rubber balls provide for play time.-Have them readily available in your home, yard or car, and take them with you to the park, beach and various outings.-Your companion will love you for it!Features:-Non Toxic-Safe for Dogs Teeth-Easy To Clean: Wipe Or Wash Under Running Tap-Floats On Water-Paw and Bone Printed Design-Have Readily Available In Car, Home, Yard etc.-Take to Park, Beach and More-Stimulating Toy For Your Dog-Provides Quality Play Time With Your Dog-Creates Endless Fun For Your PetSpecifications:-Size: 5.7cm Diameter-Assorted Colours: Blue, Green, Orange, PurplePackage Inclusions:-12 x Rubber Fetch BallsNotes:-Actual colors may vary due to computer monitors displaying colors differently.-Due to the nature of the manufacturing process and manual measurement, product sizing may vary slightly.",
https://s.catch.com.au/images/product/0139/139523/643f510abd589440635536_w143h117.webp,https://s.catch.com.au/images/product/0139/139523/643f510dec660231999534_w143h117.webp,https://s.catch.com.au/images/product/0139/139523/643f510e3d23e033229823_w143h117.webp,https://s.catch.com.au/images/product/0139/139523/643f510e88c3e493288692_w143h117.webp,https://s.catch.com.au/images/product/0139/139523/643f510ee08c1657510335_w143h117.webp,,,,,,,,,,,
,,,,,,,,,Stainless Steel Pet Bowl Non Slip Enamel Coated Dog Puppy Food Water Dish Feeder - Mint,SISOO,28.49,[],https://www.catch.com.au/product/stainless-steel-pet-bowl-non-slip-enamel-coated-dog-puppy-food-water-dish-feeder-mint-23351662/,"Product Description:-Stainless Steel Pet Bowl Non Slip Enamel Coated Dog Puppy Food Water Dish FeederFeatures:-Made from Food Grade BPA-free stainless steel, non-toxic and long lasting.-Anti skid base-Enamel Coated Speckled DesignSpecifications:-Size:-400ml 3 4 cup: 14cm x 4cm-800ml 2 cup: 17.5cm x 5.5cm-1.6L 2 3 4 cup: 21.5cm x 6cm-2.6L 3 cup: 24.5cm x 7.5cmPackage Inclusions:-1 x Pet BowlNotes:-Actual colors may vary due to computer monitors displaying colors differently.-Due to the nature of the manufacturing process and manual measurement, product sizing may vary slightly.",
https://s.catch.com.au/images/product/0139/139523/643f510a303c0681696800_w143h117.webp,https://s.catch.com.au/images/product/0139/139523/643f510decf93241980547_w143h117.webp,https://s.catch.com.au/images/product/0139/139523/643f510e3ef93460626833_w143h117.webp,https://s.catch.com.au/images/product/0139/139523/643f510e9bb41434471973_w143h117.webp,https://s.catch.com.au/images/product/0139/139523/643f510ee01fb541175574_w143h117.webp,,,,,,,,,,,
,,,,,,,,,Stainless Steel Pet Bowl Non Slip Enamel Coated Dog Puppy Food Water Dish Feeder - Grey,SISOO,28.49,[],https://www.catch.com.au/product/stainless-steel-pet-bowl-non-slip-enamel-coated-dog-puppy-food-water-dish-feeder-grey-23351661/,"Product Description:-Stainless Steel Pet Bowl Non Slip Enamel Coated Dog Puppy Food Water Dish FeederFeatures:-Made from Food Grade BPA-free stainless steel, non-toxic and long lasting.-Anti skid base-Enamel Coated Speckled DesignSpecifications:-Size:-400ml 3 4 cup: 14cm x 4cm-800ml 2 cup: 17.5cm x 5.5cm-1.6L 2 3 4 cup: 21.5cm x 6cm-2.6L 3 cup: 24.5cm x 7.5cmPackage Inclusions:-1 x Pet BowlNotes:-Actual colors may vary due to computer monitors displaying colors differently.-Due to the nature of the manufacturing process and manual measurement, product sizing may vary slightly.",
https://s.catch.com.au/images/product/0139/139523/643f510a2c19f450420492_w143h117.webp,https://s.catch.com.au/images/product/0139/139523/643f510dea278452418994_w143h117.webp,https://s.catch.com.au/images/product/0139/139523/643f510e3ac7d647582283_w143h117.webp,https://s.catch.com.au/images/product/0139/139523/643f510e8db80331910307_w143h117.webp,https://s.catch.com.au/images/product/0139/139523/643f510edd62f342065956_w143h117.webp,,,,,,,,,,,
,,,,,,,,,Stainless Steel Pet Bowl Non Slip Enamel Coated Dog Puppy Food Water Dish Feeder - Blue,SISOO,32.89,[],https://www.catch.com.au/product/stainless-steel-pet-bowl-non-slip-enamel-coated-dog-puppy-food-water-dish-feeder-blue-23351660/,"Product Description:-Stainless Steel Pet Bowl Non Slip Enamel Coated Dog Puppy Food Water Dish FeederFeatures:-Made from Food Grade BPA-free stainless steel, non-toxic and long lasting.-Anti skid base-Enamel Coated Speckled DesignSpecifications:-Size:-400ml 3 4 cup: 14cm x 4cm-800ml 2 cup: 17.5cm x 5.5cm-1.6L 2 3 4 cup: 21.5cm x 6cm-2.6L 3 cup: 24.5cm x 7.5cmPackage Inclusions:-1 x Pet BowlNotes:-Actual colors may vary due to computer monitors displaying colors differently.-Due to the nature of the manufacturing process and manual measurement, product sizing may vary slightly.",
https://s.catch.com.au/images/product/0139/139522/643f510907025949741110_w143h117.webp,https://s.catch.com.au/images/product/0139/139523/643f510ad057b643878746_w143h117.webp,https://s.catch.com.au/images/product/0139/139523/643f510b2fca4062736433_w143h117.webp,https://s.catch.com.au/images/product/0139/139523/643f510b78118528851526_w143h117.webp,https://s.catch.com.au/images/product/0139/139523/643f510bc8eb2093365867_w143h117.webp,https://s.catch.com.au/images/product/0139/139523/643f510db49b5713854358_w143h117.webp,https://s.catch.com.au/images/product/0139/139523/643f510e18c2a183841998_w143h117.webp,https://s.catch.com.au/images/product/0139/139523/643f510e6d1c1208446452_w143h117.webp,https://s.catch.com.au/images/product/0139/139523/643f510ed47eb223951173_w143h117.webp,,,,,,,https://s.catch.com.au/images/product/0139/139523/643f510f31d40595082963_w143h117.webp
,,,,,,,,,Pet Training Pads Puppy Dog Toilet Pee Indoor Super Absorbent 60x60cm - Blue,SISOO,39.59,[],https://www.catch.com.au/product/pet-training-pads-puppy-dog-toilet-pee-indoor-super-absorbent-60x60cm-blue-23351659/,"Product Description:-Far superior to using newspaper, these specially designed pads will help to keep your home protected from stains and odours.-Perfect for hygienically house training new puppies as well as providing an elimination area for ill and elderly dogs or those confined to the house, a crate or travel carrier.-Also suitable for other pets including cats and rabbits.-The pads feature a super-absorbent polymer filling with 6 multi-layer protection which traps and retains moisture, while the sealed edges prevent leakage.-A quilted quick dry top layer helps to lock in liquid for clean and dry protection.-Rapid absorbing liner guides liquid towards a moisture locking core, the super absorbent powder core seals in moisture for maximum leakage protection.-There is also a neutralizing liner to control odours for long last freshness plus a leak resistant lining for superior protection.Features:-The hygienic way to house train your pet! Bumper pack of 50 extra-large super-absorbent polymer filled pads.-Great for puppies, elderly dogs and adult dogs confined to the house, crates or carriers.-Also suitable for cats, rabbits and other pets.-6 multi-layer protection with quilted quick dry top layer, rapid absorbing liner, moisture locking powder core, neutralizing liner and leak resistant lining.Specifications:-Pad Size: 60 x 60cm-Extra-large size: Each pad measures 60 x 60cm-Material: Soft Non-woven FabricPackage Inclusions:-50, 100, 200, 400 x Pet Training PadsNotes:-Actual colors may vary due to computer monitors displaying colors differently.-Due to the nature of the manufacturing process and manual measurement, product sizing may vary slightly.",
https://s.catch.com.au/images/product/0139/139522/643f5108e0cbf202325395_w143h117.webp,https://s.catch.com.au/images/product/0139/139523/643f510a50de9826719735_w143h117.webp,https://s.catch.com.au/images/product/0139/139523/643f510aa9f26656128659_w143h117.webp,https://s.catch.com.au/images/product/0139/139523/643f510b06979301069285_w143h117.webp,https://s.catch.com.au/images/product/0139/139523/643f510b55796979052243_w143h117.webp,https://s.catch.com.au/images/product/0139/139523/643f510ba5f67934646218_w143h117.webp,https://s.catch.com.au/images/product/0139/139523/643f510d7fc61372790087_w143h117.webp,https://s.catch.com.au/images/product/0139/139523/643f510dcc30b197402806_w143h117.webp,,,,,,,,
,,,,,,,,,Automatic Chicken Bird Chook Poultry Feeder Drinker Chicken Poultry Waterer,SISOO,28.49,[],https://www.catch.com.au/product/automatic-chicken-bird-chook-poultry-feeder-drinker-chicken-poultry-waterer-23351658/,"Features:-Self-feeding-UV stabilised-Well-made and robust-Can hang to keep debris out of the feeders and keep rodents away from feed.Specifications:-2.5L drink, 3kg feeder bird aviary chook poultry chicken and drinker waterer.-2.5 litre automatic drinker-3.0 kg automatic feederPackage Inclusions:-1 x Chicken Feeder or WatererNotes:-Actual colors may vary due to computer monitors displaying colors differently.-Due to the nature of the manufacturing process and manual measurement, product sizing may vary slightly.",
https://s.catch.com.au/images/product/0139/139522/643f5108c5ae0611081360_w143h117.webp,,,,,,,,,,,,,,,
,,,,,,,,,Pet Training Pads Puppy Dog Toilet Pee Indoor Super Absorbent 60x60cm - Pink,SISOO,48.39,[],https://www.catch.com.au/product/pet-training-pads-puppy-dog-toilet-pee-indoor-super-absorbent-60x60cm-pink-23351657/,"Product Description:-Far superior to using newspaper, these specially designed pads will help to keep your home protected from stains and odours.-Perfect for hygienically house training new puppies as well as providing an elimination area for ill and elderly dogs or those confined to the house, a crate or travel carrier.-Also suitable for other pets including cats and rabbits.-The pads feature a super-absorbent polymer filling with 6 multi-layer protection which traps and retains moisture, while the sealed edges prevent leakage.-A quilted quick dry top layer helps to lock in liquid for clean and dry protection.-Rapid absorbing liner guides liquid towards a moisture locking core, the super absorbent powder core seals in moisture for maximum leakage protection.-There is also a neutralizing liner to control odours for long last freshness plus a leak resistant lining for superior protection.Features:-The hygienic way to house train your pet! Bumper pack of 50 extra-large super-absorbent polymer filled pads.-Great for puppies, elderly dogs and adult dogs confined to the house, crates or carriers.-Also suitable for cats, rabbits and other pets.-6 multi-layer protection with quilted quick dry top layer, rapid absorbing liner, moisture locking powder core, neutralizing liner and leak resistant lining.Specifications:-Pad Size: 60 x 60cm-Extra-large size: Each pad measures 60 x 60cm-Material: Soft Non-woven FabricPackage Inclusions:-50, 100, 200, 400 x Pet Training PadsNotes:-Actual colors may vary due to computer monitors displaying colors differently.-Due to the nature of the manufacturing process and manual measurement, product sizing may vary slightly.",
https://s.catch.com.au/images/product/0139/139522/643f51085f98e648862816_w143h117.webp,https://s.catch.com.au/images/product/0139/139523/643f5109661a8560905843_w143h117.webp,https://s.catch.com.au/images/product/0139/139523/643f5109a978d064672961_w143h117.webp,https://s.catch.com.au/images/product/0139/139523/643f5109ef1f5966926207_w143h117.webp,https://s.catch.com.au/images/product/0139/139523/643f510a3ca92371411462_w143h117.webp,https://s.catch.com.au/images/product/0139/139523/643f510a7d020561260947_w143h117.webp,https://s.catch.com.au/images/product/0139/139523/643f510ac9414680971527_w143h117.webp,https://s.catch.com.au/images/product/0139/139523/643f510b1f33c668662381_w143h117.webp,https://s.catch.com.au/images/product/0139/139523/643f510b65d31548882838_w143h117.webp,,,,,,,https://s.catch.com.au/images/product/0139/139523/643f510bd2ae8841846812_w143h117.webp
,,,,,,,,,Full Beekeeping Suit Bee Suit Heavy Duty with Leather Ventilated Keeping Gloves,SISOO,83.49,[],https://www.catch.com.au/product/full-beekeeping-suit-bee-suit-heavy-duty-with-leather-ventilated-keeping-gloves-23351656/,"Features:-Brand new well made jacket and veil, lightweight and cool for hot weather.-Strong, tough cotton with elasticated cuffs and waist band, keep the bees out.-Popular round hat design, strong rings keep the bees well away from your face, great all round visibility.-Veil attached by a zipper and made from strong black net two section pockets at the front, one section pocket at the back.Specifications:-Material: 65% Cotton and 35% Polyester-Color: White-Suit Sizes: Same as Photo-L Suitable height: 165 to 175cm-XXL Suitable height: 185 to 195cm-Gloves Size: Approx. 49cm please Allow 1-2 cm error.Package Inclusions:-1 x Beekeeping suit and 1 Pair Free GlovesNotes:-Actual colors may vary due to computer monitors displaying colors differently.-Due to the nature of the manufacturing process and manual measurement, product sizing may vary slightly.",
https://s.catch.com.au/images/product/0139/139522/643f510863cf9077655866_w143h117.webp,https://s.catch.com.au/images/product/0139/139523/643f510a27e2b186682265_w143h117.webp,https://s.catch.com.au/images/product/0139/139523/643f510a70e37724782740_w143h117.webp,https://s.catch.com.au/images/product/0139/139523/643f510abbb90821717813_w143h117.webp,https://s.catch.com.au/images/product/0139/139523/643f510b1ad1c493836584_w143h117.webp,https://s.catch.com.au/images/product/0139/139523/643f510b70f77068599663_w143h117.webp,https://s.catch.com.au/images/product/0139/139523/643f510bb5ebd285634183_w143h117.webp,https://s.catch.com.au/images/product/0139/139523/643f510dabe0f430217919_w143h117.webp,,,,,,,,
,,,,,,,,,Pet Dog Toilet Mat Indoor Portable Training Grass Potty Pad Loo Tray Large,SISOO,70.99,[],https://www.catch.com.au/product/pet-dog-toilet-mat-indoor-portable-training-grass-potty-pad-loo-tray-large-23351655/,"Product Description:-3-piece Pet Toilet Mat-Waste Tray: collects urine, keeps grass mat dry.-Grid Tray: drains grass mat, keeping it away from urine.-Grass Mat: non-toxic removable synthetic grass, looks and feels real.Features:-Easy to clean and store-Non-toxic and lightweight-Hygienic and environmentally friendly-Synthetic grass mat looks and feels real.-Removable container for easy cleanup.-Reusable surface stays fresh and sanitary.-Great for house training and indoor bathroom use.Specifications:-Material: Plastic-Dimensions: Approx. 62cm L x 50cm W x 6cm HPackage Inclusions:-1 x Pet Toilet Grass MatNotes:-Actual colors may vary due to computer monitors displaying colors differently.-Due to the nature of the manufacturing process and manual measurement, product sizing may vary slightly.",
https://s.catch.com.au/images/product/0139/139522/643f5107dea29374367853_w143h117.webp,https://s.catch.com.au/images/product/0139/139522/643f5108e3f4a778510982_w143h117.webp,https://s.catch.com.au/images/product/0139/139523/643f51092763c881341776_w143h117.webp,https://s.catch.com.au/images/product/0139/139523/643f51097d5d9798583370_w143h117.webp,https://s.catch.com.au/images/product/0139/139523/643f5109bd517747440972_w143h117.webp,https://s.catch.com.au/images/product/0139/139523/643f510a184da827261607_w143h117.webp,https://s.catch.com.au/images/product/0139/139523/643f510a9711b485662793_w143h117.webp,https://s.catch.com.au/images/product/0139/139523/643f510ae20ee382969064_w143h117.webp,https://s.catch.com.au/images/product/0139/139523/643f510b43a36439965294_w143h117.webp,,,,,,,https://s.catch.com.au/images/product/0139/139523/643f510b916af554887699_w143h117.webp
,,,,,,,,,Jumbo Pet Dog Waste Easy Pickup Pooper Scooper Walking Poop Scoop Grabber Picker,SISOO,46.18,[],https://www.catch.com.au/product/jumbo-pet-dog-waste-easy-pickup-pooper-scooper-walking-poop-scoop-grabber-picker-23351654/,"Features:-Jumbo Pooper Scooper: Our Pooper Scooper Is the Perfect Weapon in the Daily Battle Against Dog Poop and a Must-Have Tool for Every Dog Owner. Constructed from High-Quality Materials, Our Pooper Scooper Is Built to Last Year after Year. Extends to 28 Inches with a Convenient Grip.-Large and Powerful Jaw Clamp for Even the Biggest Messes: Our Jumbo Pooper Scooper Is Equipped with a Jumbo Claw Which Is Capable of Removing Even Large Messes from Any Surface in a Single Scoop. Powerful Spring Action Allows Jaw to Scoop Refuse in One Easy Action. The 5 1 4 Jaws Are Large Enough to Capture Entire Messes in One Load. The Serrated Teeth on the Jaws Also Allows You to Retrieve Waste from Mud, Snow, Dirt, or Sand Easily and Efficiently.-High-Quality and Durable Construction for Years of Use: Our Pooper Scooper Is Constructed of High-Quality Rust-Proof Aluminum and Industrial Grade Plastics. The Non-Stick Materials Make Our Jumbo Scooper Easy to Hose off and Clean. Our Scooper Is Built to Last Year after Year and Comes to You with the Knowledge That You Are Buying from a Trusted Pet Supplier. Large Scoop with Serrated Teeth Is Powerful Enough to Clear Even the Largest Waste in One Scoop.-Ergonomic Design Is Easy on Your Back and Knees: The Ergonomic and Easy to Use Design of the Jumbo Pooper Scooper Works for People of All Sizes and Heights. No More Bending or Kneeling to Retrieve Waste from the Ground. One Easy Action Is All You Need to Clear Waste from Your Yard, Neighboring Yards, the Park, or Anywhere You Walk Your Dog.Specifications:-Material: Plastic-Colour: Black-Length: 72x13.5cmPackage Inclusions:-1 x Jumbo Dog Poop ScooperNotes:-Actual colors may vary due to computer monitors displaying colors differently.-Due to the nature of the manufacturing process and manual measurement, product sizing may vary slightly.",
https://s.catch.com.au/images/product/0139/139522/643f510785b3a754509273_w143h117.webp,https://s.catch.com.au/images/product/0139/139522/643f5108c26f4633402756_w143h117.webp,https://s.catch.com.au/images/product/0139/139523/643f5109149b2685476335_w143h117.webp,https://s.catch.com.au/images/product/0139/139523/643f510954b51451770571_w143h117.webp,https://s.catch.com.au/images/product/0139/139523/643f5109a1089309029792_w143h117.webp,https://s.catch.com.au/images/product/0139/139523/643f5109dfb9d502680162_w143h117.webp,https://s.catch.com.au/images/product/0139/139523/643f510a29d2c990325962_w143h117.webp,,,,,,,,,
,,,,,,,,,Automatic Chicken Food Feeder Treadle Self Opening Feed Galvanized - 8.2L,SISOO,94.56,[],https://www.catch.com.au/product/automatic-chicken-food-feeder-treadle-self-opening-feed-galvanized-8-2l-23351653/,"Product Description:-Minor assembly skill is required for this product.-This Automatic Chicken Feeder provides a protected way of feeding your backyard chickens on demand.-The lid can be opened when chickens, minimum 500g step onto the platform. This clever design allows chickens to access their food when hungry.Features:-Made from rust-proof galvanized coating.-Solid construction and long lasting-500 grams weight can open the lid-Keeps feed clean and fresh-Prevents little wild birds, rats and mice weight below 500 g stealing feed.-Water proof, saves valuable feed from rain.-Saves on feed costs, no more wasted or stolen feed.-Coated in protective film just need to be removed and polished.-Easy to assemble and low maintenance.-Large capacity can hold up to 8.2L of feed.-Suitable for most bantams.Specifications:-Material: Galvanized coating-Feed Capacity: 8.2L approx.-Size approx.: 58x40x20cm-Color: SilverPackage Inclusions:-1 x Galvanized Coating Chicken FeederNotes:-Actual colors may vary due to computer monitors displaying colors differently.-Due to the nature of the manufacturing process and manual measurement, product sizing may vary slightly.",
https://s.catch.com.au/images/product/0139/139522/643f51071f5a9764964849_w143h117.webp,https://s.catch.com.au/images/product/0139/139522/643f5108c18dc319107998_w143h117.webp,https://s.catch.com.au/images/product/0139/139523/643f510956ee2347872177_w143h117.webp,https://s.catch.com.au/images/product/0139/139523/643f5109bf7e2604204016_w143h117.webp,https://s.catch.com.au/images/product/0139/139523/643f510a1cf04079070794_w143h117.webp,https://s.catch.com.au/images/product/0139/139523/643f510a66e62197147441_w143h117.webp,https://s.catch.com.au/images/product/0139/139523/643f510ae0df5180933049_w143h117.webp,https://s.catch.com.au/images/product/0139/139523/643f510b44349261373904_w143h117.webp,,,,,,,,
,,,,,,,,,Dog Grooming Hammock Harness Sling Restraint Bag Helper Nail Trimming Bathing,Vido,48.29,[],https://www.catch.com.au/product/dog-grooming-hammock-harness-sling-restraint-bag-helper-nail-trimming-bathing-23351652/,"Product Description:-Made of high-quality material, durable and sturdy, waterproof and breathable.-Enough strong to contain small dogs .-With this grooming hammock, you can bath your pets, trim their hair, clean their teeth and ears.-Professional and practical, you can use it at home.Features:-Powerful Functions: Even at home, you can easily accomplish the same things as the pet hospital grooming table, such as trimming nails, grooming, bathing, eye, and ear health care, injections, checking various body indicators, etc.-Easy To Use: Help your pet wear hammock, slung the hook to the hammock strap and hang your pet on a pole. Inner fabric use High-density knitted material, no worry about tearing and falling off, easy to clean and washable.-Comfortable and Soft: Using Double-layer fabric design, Inner fabric use High-density knitted material, and the outer uses 3D air-mesh technology. Besides, Thickened edge of the front and rear legs and excellent breathability can reduce friction to protect pets, and keep puppies calm and maximum relaxation.-This Nail Trimmer tool is specially designed for your dog and cat. It is the newest and fastest way to keep your pets nails trim rounded and smooth with no mess!This tool is specially designed for your dog and cat. It is the newest and fastest way to keep your pets nails trim rounded and smooth with no mess!-This product is quiet, low noise, it would not scare you companion pets.Now you can painlessly and easily trim your pets nails anywhere without the pain caused by traditional nail clippers.Specifications:-Product Name: Pet Grooming Hammock-Colour: Blue-Material: Polyester and Waterproof Cloth-Size: M, LPackage Inclusions:-1 x Hammock-1 x Scissors-1 x File-1 x Comb-2 x Carabiners-2 x WebbingsNotes:-Actual colors may vary due to computer monitors displaying colors differently.-Due to the nature of the manufacturing process and manual measurement, product sizing may vary slightly.",
https://s.catch.com.au/images/product/0139/139522/643f51071c22c394593727_w143h117.webp,https://s.catch.com.au/images/product/0139/139522/643f510886673314038193_w143h117.webp,https://s.catch.com.au/images/product/0139/139522/643f5108da2f5091682610_w143h117.webp,https://s.catch.com.au/images/product/0139/139523/643f510936bd6572971243_w143h117.webp,https://s.catch.com.au/images/product/0139/139523/643f51098a0d7190138137_w143h117.webp,https://s.catch.com.au/images/product/0139/139523/643f5109ee363178268986_w143h117.webp,https://s.catch.com.au/images/product/0139/139523/643f510a3db55975615892_w143h117.webp,https://s.catch.com.au/images/product/0139/139523/643f510a803b3665845613_w143h117.webp,https://s.catch.com.au/images/product/0139/139523/643f510ad0970914715922_w143h117.webp,,,,,,,https://s.catch.com.au/images/product/0139/139523/643f510b37953043861218_w143h117.webp
,,,,,,,,,Small Animal Pet Dog Kennel Timber Cat House Cabin Wood Log Box With Deck,Vido,193.88,[],https://www.catch.com.au/product/small-animal-pet-dog-kennel-timber-cat-house-cabin-wood-log-box-with-deck-23351651/,"Product Description:-High quality dog Kennel, a comfortable home for your dog, keep them warm in winter and cool in summer, made of treated solid Natural fir wood, material is eco-friendly.-TUV approved, anti-termite and waterproof.Features:-Asphalt roof for rain and sun heating protection-Outdoor Decking-Raised floor to keep warmth and dryness-Side storage for food and toy-Observation window with lock-Easy to AssembleSpecifications:-Product Size: 67x110.7x75cmPackage Inclusions:-1 x Complete Dog Kennel-1 x Assembly ManualNotes:-Actual colors may vary due to computer monitors displaying colors differently.-Due to the nature of the manufacturing process and manual measurement, product sizing may vary slightly.",
https://s.catch.com.au/images/product/0139/139522/643f5106a7f24372008906_w143h117.webp,https://s.catch.com.au/images/product/0139/139522/643f5107c4620235545673_w143h117.webp,https://s.catch.com.au/images/product/0139/139522/643f51081d0fa561399904_w143h117.webp,https://s.catch.com.au/images/product/0139/139522/643f51088ef13047350518_w143h117.webp,https://s.catch.com.au/images/product/0139/139522/643f5108d6e40828945162_w143h117.webp,https://s.catch.com.au/images/product/0139/139523/643f51092d7ba470446311_w143h117.webp,https://s.catch.com.au/images/product/0139/139523/643f5109aff84099588365_w143h117.webp,https://s.catch.com.au/images/product/0139/139523/643f5109f1c7d491858913_w143h117.webp,,,,,,,,
,,,,,,,,,Outdoor Garden Ball Thrower Launcher Dog Toy Walking Fetch Play Dog Ball Thrower - Blue,Vido,37.38,[],https://www.catch.com.au/product/outdoor-garden-ball-thrower-launcher-dog-toy-walking-fetch-play-dog-ball-thrower-blue-23351650/,"Features:-Dog Ball Thrower and Launcher with Tennis Ball Puppy Pet Toy Training Exercise Dog Ball Thrower and tennis ball.-Great fun for dog and owner.-The ball thrower makes it easy to throw the ball for your dog.-Pick the ball up without bending down or getting your hands dirty.-Great larger version 50cm so easier to carry in bag for dog walks.-Standard 2.5in Tennis Balls: You can use it with any standard tennis balls.Specifications:-Type: Dog Ball Thrower-Colour: Red, Green, Blue-Material: Plastic TPR-Size: 50Cm-Ball Size: 6cmPackage Inclusions:-1 x Pet Ball LauncherNotes:-Actual colors may vary due to computer monitors displaying colors differently.-Due to the nature of the manufacturing process and manual measurement, product sizing may vary slightly.",
https://s.catch.com.au/images/product/0139/139522/643f5106a5ed4503972837_w143h117.webp,https://s.catch.com.au/images/product/0139/139522/643f510811409956740861_w143h117.webp,https://s.catch.com.au/images/product/0139/139522/643f510862f08763211659_w143h117.webp,https://s.catch.com.au/images/product/0139/139522/643f5108a2a07375487305_w143h117.webp,https://s.catch.com.au/images/product/0139/139522/643f510902a13805857054_w143h117.webp,https://s.catch.com.au/images/product/0139/139523/643f51095104d554753702_w143h117.webp,https://s.catch.com.au/images/product/0139/139523/643f510997e5b779529716_w143h117.webp,https://s.catch.com.au/images/product/0139/139523/643f5109f2436729480893_w143h117.webp,https://s.catch.com.au/images/product/0139/139523/643f510a526ca272679333_w143h117.webp,,,,,,,https://s.catch.com.au/images/product/0139/139523/643f510a97a35238773748_w143h117.webp
,,,,,,,,,Electric Pet Dog Cat Hair Remover Cleaner Grooming Brush Comb Vacuum Cleaner - Grey,Vido,47.06,[],https://www.catch.com.au/product/electric-pet-dog-cat-hair-remover-cleaner-grooming-brush-comb-vacuum-cleaner-grey-23351649/,"Features:-Pet Hair Handheld Vacuum Cleaner, intelligent design with very gentle and powerful suction, can provide your pet with a fast, clutter-free grooming experience.-Suitable home beauty: Hand over the beauty supplies to you. With this dog and cat hair remover, you can easily remove cat and dog hair at home while they sit comfortably next to you. Its ultra-quiet motor-equipped massage vacuum cleaner sucks the finest dust, dirt, pet hair and dander directly into the tank. Hello, healthy shiny coat!-Safe and easy to use: This pet hair vacuum cleaner combines the functions of a combing brush and a vacuum cleaner with a smart design to make your pets comfort and safety a top priority. To get started, simply turn on your device and start combing your hair. The rotating motor collects all loose hair into the jar while removing any tangles or knots.-Versatile and cost-effective: No more spending hundreds of dollars on grooming or investing in a variety of products, as this hair remover is perfect for grooming your pet's hair and keeping it out of your home. This pet vacuum cleaner features an innovative wireless design with two different head attachments to meet your daily cleaning needs. With upholstery brushes, you can effortlessly remove pet hair and debris from your furniture, car interiors, beds, clothes, carpets, and hard-to-reach areas of your home.-Ergonomic design and quality materials: This handheld pet hair vacuum cleaner is made of high-grade materials that are strong and durable. With a wireless design and comfortable grip, it can be held comfortably in the hand and is easy to operate during use.Specifications:-Material: ABS fuselage and Soft rubber head-Weight: 0.28kg-Size: 19x11x6cm-Packing: Carton-Color: Gray-Power supply mode: 3 AAA batteries shipped withoutPackage Inclusions:-1 x Pet Hair AbsorberNotes:-Actual colors may vary due to computer monitors displaying colors differently.-Due to the nature of the manufacturing process and manual measurement, product sizing may vary slightly.",
https://s.catch.com.au/images/product/0139/139522/643f51068c4bf165684061_w143h117.webp,https://s.catch.com.au/images/product/0139/139522/643f51081e089632643241_w143h117.webp,https://s.catch.com.au/images/product/0139/139522/643f51085c4a1699418372_w143h117.webp,https://s.catch.com.au/images/product/0139/139522/643f5108d26ee900975010_w143h117.webp,https://s.catch.com.au/images/product/0139/139523/643f51092a5e6663981250_w143h117.webp,https://s.catch.com.au/images/product/0139/139523/643f510973466715598514_w143h117.webp,https://s.catch.com.au/images/product/0139/139523/643f5109bd387041870521_w143h117.webp,https://s.catch.com.au/images/product/0139/139523/643f510a0cf0e507405107_w143h117.webp,https://s.catch.com.au/images/product/0139/139523/643f510a53408246102094_w143h117.webp,,,,,,,https://s.catch.com.au/images/product/0139/139523/643f510aa4b45949147453_w143h117.webp
,,,,,,,,,Pet Dog Cat Hair Remover Roller Self Cleaning Hair Remover Fur Removal Roller - Blue,Vido,20.9,[],https://www.catch.com.au/product/pet-dog-cat-hair-remover-roller-self-cleaning-hair-remover-fur-removal-roller-blue-23351648/,"Features:-This product can remove pet hair from furniture but cannot remove the hairball.-It has a wide application, such as the sofa, carpet, bed or other furniture.-One hand to operate, saving much time and efforts, easily and conveniently.-The 2-way design has a higher efficiency.-Adopting the high-quality material, this product has a long service life and easy to clean.Specifications:-Item Type: Pet Hair Remover-Material: ABS-Colour: As the picture-Feature: Durable-Size: As the picture showsPackage Inclusions:-1 x Pet Hair RemoverNotes:-Actual colors may vary due to computer monitors displaying colors differently.-Due to the nature of the manufacturing process and manual measurement, product sizing may vary slightly.",
https://s.catch.com.au/images/product/0139/139522/643f51069c306263708099_w143h117.webp,https://s.catch.com.au/images/product/0139/139522/643f5108b54e2985693784_w143h117.webp,https://s.catch.com.au/images/product/0139/139523/643f51092b0d7456181812_w143h117.webp,https://s.catch.com.au/images/product/0139/139523/643f51098577d933414611_w143h117.webp,https://s.catch.com.au/images/product/0139/139523/643f5109ec3ec214518417_w143h117.webp,https://s.catch.com.au/images/product/0139/139523/643f510a70b85044675570_w143h117.webp,https://s.catch.com.au/images/product/0139/139523/643f510b25434607026835_w143h117.webp,https://s.catch.com.au/images/product/0139/139523/643f510b6b6ca990026745_w143h117.webp,https://s.catch.com.au/images/product/0139/139523/643f510d7fced902118560_w143h117.webp,,,,,,,
,,,,,,,,,Dog Snuffle Mat Sniffing Training Pad Dog Puzzle Toy Slow Feeding Bowl Pet,Vido,52.56,[],https://www.catch.com.au/product/dog-snuffle-mat-sniffing-training-pad-dog-puzzle-toy-slow-feeding-bowl-pet-23351646/,"Features:-Stimulate Natural Foraging Instinct: The Pet Foraging Pad simulates a dogs strong sense of smell, seeks out food hidden in the pad, drives their natural foraging instinct and keeps their nose working by mimicking the hunting food in nature.-Using energy to reduce stress Research shows that 10 minutes of inhalation is equivalent to an hour of running, which can deplete your dogs energy, relieve stress, improve self-confidence, reduce irritability, and contribute to physical and mental health.-Pet snuff pads only, does not include other accessory demonstrations in pictures.Specifications:-Material: Plush-Product size: 48x48cm-Color: as picture show-Quantity: 1 piecePackage Inclusions:-1 x Dog Snuffle MatNotes:-Actual colors may vary due to computer monitors displaying colors differently.-Due to the nature of the manufacturing process and manual measurement, product sizing may vary slightly.",
https://s.catch.com.au/images/product/0139/139522/643f51066d5ff209530180_w143h117.webp,https://s.catch.com.au/images/product/0139/139522/643f51077aece466608680_w143h117.webp,https://s.catch.com.au/images/product/0139/139522/643f5107c9325061270491_w143h117.webp,https://s.catch.com.au/images/product/0139/139522/643f51083e2ac567292304_w143h117.webp,https://s.catch.com.au/images/product/0139/139522/643f51088e4fb605002443_w143h117.webp,https://s.catch.com.au/images/product/0139/139522/643f5108e04b0305097342_w143h117.webp,https://s.catch.com.au/images/product/0139/139523/643f51096d642105902677_w143h117.webp,https://s.catch.com.au/images/product/0139/139523/643f5109c438d197358702_w143h117.webp,,,,,,,,
,,,,,,,,,Outdoor Garden Ball Thrower Launcher Dog Toy Walking Fetch Play Dog Ball Thrower - Green,Vido,37.38,[],https://www.catch.com.au/product/outdoor-garden-ball-thrower-launcher-dog-toy-walking-fetch-play-dog-ball-thrower-green-23351645/,"Features:-Dog Ball Thrower and Launcher with Tennis Ball Puppy Pet Toy Training Exercise Dog Ball Thrower and tennis ball.-Great fun for dog and owner.-The ball thrower makes it easy to throw the ball for your dog.-Pick the ball up without bending down or getting your hands dirty.-Great larger version 50cm so easier to carry in bag for dog walks.-Standard 2.5in Tennis Balls: You can use it with any standard tennis balls.Specifications:-Type: Dog Ball Thrower-Colour: Red, Green, Blue-Material: Plastic TPR-Size: 50Cm-Ball Size: 6cmPackage Inclusions:-1 x Pet Ball LauncherNotes:-Actual colors may vary due to computer monitors displaying colors differently.-Due to the nature of the manufacturing process and manual measurement, product sizing may vary slightly.",
