Title,Brand,Price,Quantity,img1,img2,img3,Description,img4,img5,img6,img7,img8,img9,img10
2x Pure Natural Cotton King Size Pillow Case Cover Slip - 54x94cm - White,CASAMI,46.99,,img1: https://s.catch.com.au/images/product/0131/131541/6436350a33546263434513_w143h117.webp,img2: https://s.catch.com.au/images/product/0131/131541/6436350adf90f052521259_w143h117.webp,img3: https://s.catch.com.au/images/product/0131/131541/6436350b41ad7138238071_w143h117.webp,"Product Details:-This silk pillow case can protect and prolong the life of your pillow, so you and yours can always count on us to help deliver sweet dreams.Features:-100% fine natural cotton cover-Anti-bacterial-Breathable-Hypoallergenic-Envelope Closure-Increases Pillow life-Easy care machine washableSpecifications:-Size: 54 x 94 cmPackage Included:-2 x King Size Pillow SlipNotes:-Actual colors may vary due to computer monitors displaying colors differently.-Due to the nature of the manufacturing process and manual measurement, product sizing may vary slightly.",,,,,,,
Fire Starter Lighter Waterproof Flint Match Metal Keychain Camping Survival - Gold,Vido,20.89,,img1: https://s.catch.com.au/images/product/0131/131811/641af6004cd33613417584_w143h117.webp,img2: https://s.catch.com.au/images/product/0131/131811/641af60163766204910172_w143h117.webp,img3: https://s.catch.com.au/images/product/0131/131811/641af601b4ffd444302550_w143h117.webp,"Features:-Perfect for camping, survival situations, sailing, and daily use.-Small size and easy to use.-More powerful than normal lighters.-Useful mini lighter, can be carried anywhere in the key ring as a decoration.-Waterproof with rugged o-ring that screws tight and durable.-Note: fuel kerosene, shipped without kerosene, need to be added by the user themselves.Specifications:-Material: PU Leather and Zinc Alloy-Size: 65x17mm-Color: as pictures showPackage Inclusions:-1 x Fire StarterNotes:-Actual colors may vary due to computer monitors displaying colors differently.-Due to the nature of the manufacturing process and manual measurement, product sizing may vary slightly.",img4: https://s.catch.com.au/images/product/0131/131811/641af6024d788633926112_w143h117.webp,img5: https://s.catch.com.au/images/product/0131/131811/641af602a14bc695077768_w143h117.webp,img6: https://s.catch.com.au/images/product/0131/131811/641af60314cd5328483242_w143h117.webp,,,,
Plain Solid Colour Cushion Cover Covers Decorative Pillow Case - Apple Green,CASAMI,20.9,,img1: https://s.catch.com.au/images/product/0131/131814/643639bd6bec9643130655_w143h117.webp,,,"Features:-Material: Polyester-Style: Plain ColourSpecifications:-Sizes: 40x40cm, 45x45cm, 50x50cmPackage Inclusions:-1 x Cushion Cover (Inserts not included.)Notes:-Actual colors may vary due to computer monitors displaying colors differently.-Due to the nature of the manufacturing process and manual measurement, product sizing may vary slightly.",,,,,,,
All Size Bed Ultra Soft Quilt Duvet Doona Cover Set Bedding - Paris Eiffel Tower,CASAMI,50.99,,img1: https://s.catch.com.au/images/product/0131/131819/64363b1cc8f0d500147263_w143h117.webp,,,"Product Details:-Creating the bedroom of your dreams starts with one of our beautiful quilt covers.Features:-Material: 100% Ultra Soft MicrofibreCare Instructions:-Machine washable-Can tumble dry on low heat-Please do not use bleach-Do not dry cleanSpecifications:-Single:(2 Pieces)-1 x Single Quilt Cover: 140cm x 210cm-1 x Standard Pillowcase: 48cm x 73cm-Double:(3 Pieces)-1 x Double Quilt Cover: 180cm x 210cm-2 x Standard Pillowcase: 48cm x 73cm-Queen:(3 Pieces)-1 x Queen Quilt Cover: 210cm x 210cm-2 x Standard Pillowcase: 48cm x 73cm-King:(3 Pieces)-1 x King Quilt Cover: 210cm x 240cm-2 x Standard Pillowcase: 48cm x 73cm-Super King:(3 Pieces)-1 x King Quilt Cover: 240cm x 270cm-2 x Standard Pillowcase: 48cm x 73cm-King Single:(2 Pieces)-1 x King Single Quilt Cover: 160cm x 210cm-1 x Standard Pillowcase: 48cm x 73cmPackage Inclusion:-1 x Quilt Cover SetNotes:-Actual colors may vary due to computer monitors displaying colors differently.-Due to the nature of the manufacturing process and manual measurement, product sizing may vary slightly.",,,,,,,
2000TC 4PCS Bed Sheet Set Flat Fitted Pillowcase Single Double Queen King Bed - Black,CASAMI,57.18,,img1: https://s.catch.com.au/images/product/0131/131816/643637d9de036345319891_w143h117.webp,,,"Product Description:-A fresh set of bed sheets is always welcomed whether it be for your own bed or as a gift.Features:-Premium Quality: Made of the 2000 Series Ultra-Soft Double Brushed microfiber fabric with better stain resistance, breathability, wrinkle-free, anti-static, pilling resistance, and colorfast.-Hypoallergenic: We are all careful about the things we put into our bodies and our skin, so we use best material for our sheet sets.-Wrinkle Free: No harmful chemicals that will wash out over time leaving you with wrinkled sheets down the road.-Machine Washable: Machine wash in cold water with similar colors. Non-chlorine bleach. Tumble dry low heat.Specifications and Package Inclusions:-Single Size Sheet Set Includes: (3 Piece)-1 x Flat Sheet : 180cm x 250cm-1 x Fitted Sheet: 91cm x 193cm plus 36cm Wall-1 x Standard Pillowcase : 48cm x 73cm-Double Size Sheet Set Includes: (4 Piece)-1 x Flat Sheet : 235cm x 260cm-1 x Fitted Sheet: 137cm x 193cm plus 36cm Wall-2 x Standard Pillowcase : 48cm x 73cm-Queen Size Sheet Set Includes: (4 Piece)-1 x Flat Sheet : 245cm x 260cm-1 x Fitted Sheet: 153cm x 203cm plus 36cm Wall-2 x Standard Pillowcase : 48cm x 73cm-King Size Sheet Set Includes: (4 Piece)-1 x Flat Sheet: 275cm x 260cm-1 x Fitted Sheet: 183cm x 203cm plus 36cm Wall-2 x Standard Pillowcase : 48cm x 73cmNotes:-Actual colors may vary due to computer monitors displaying colors differently.-Due to the nature of the manufacturing process and manual measurement, product sizing may vary slightly.",,,,,,,
Mini Santa Claus Hats for Decor Christmas Mini Gift Lollipop Holiday Favor - 30pcs,Vido,17.95,,img1: https://s.catch.com.au/images/product/0131/131817/641af5baeface028312917_w143h117.webp,img2: https://s.catch.com.au/images/product/0131/131817/641af5bc8e1a1132913646_w143h117.webp,img3: https://s.catch.com.au/images/product/0131/131817/641af5bd254a2250524794_w143h117.webp,"Product Description:-100% Brand new and high qualityFeatures:-Colour: Red-Material: Non woven fabric-Size: 7x4cmSpecifications:-Great for Christmas holiday decoration, they are open so you can put them on the lollipop.Package Inclusion:-30 x Mini Santa Claus Lollipop Lollypop Hats CapNotes:-Actual colors may vary due to computer monitors displaying colors differently.-Due to the nature of the manufacturing process and manual measurement, product sizing may vary slightly.",img4: https://s.catch.com.au/images/product/0131/131817/641af5bd97a58117518703_w143h117.webp,img5: https://s.catch.com.au/images/product/0131/131817/641af5be10b69806784949_w143h117.webp,img6: https://s.catch.com.au/images/product/0131/131817/641af5be9c685702629494_w143h117.webp,img7: https://s.catch.com.au/images/product/0131/131817/641af5bf2e4a1293581978_w143h117.webp,img8: https://s.catch.com.au/images/product/0131/131817/641af5bf9dbfb379737183_w143h117.webp,,
48 Blades Needle Meat Beef Steak Tenderizer Pork Mallet Kitchen Cooking Tool,Vido,25.96,,img1: https://s.catch.com.au/images/product/0131/131810/641af60307926907610356_w143h117.webp,img2: https://s.catch.com.au/images/product/0131/131810/641af604b22c4319439777_w143h117.webp,img3: https://s.catch.com.au/images/product/0131/131810/641af605191e9703353056_w143h117.webp,"Features:-Reduce Marinade and Cooking Time: Penetrating knives create tiny heat channels within the meat allow Marinade to permeation quickly. So you do not need to marinate the meat for another 30 minutes, They also allow heat to penetrate more quickly to reduce cooking time by up to 40% resulting in much more juicy and flavorful meat.-Easy to Use and Control: Our meat tenderizer is ergonomic design with a comfortable. It is easy to hold and large and easily covers a large steak. Simply press down on the top and the sharp blades cut through the toughest fibers of your particular cut of meat.-Easy to Clean: After using this meat tenderizer, just soak in warm soapy water after a few minutes and wash it or use a brush to clean it or wash it in a dishwasher. Our meat tenderizers are detachable and easier to clean.-High Quality and Safety: Integrated high-quality stainless steel blade is tougher and more durable, will not be corroded and get rusty, and the tip of the blade is carefully polished, it can maintain sharpness performance even when used daily. Our meat tenderizer has a safety design with a protective cover that expands into the meat when pressed, automatically retracts the steel needle when no force is applied, No Scratching.Specifications:-Material: Stainless Steel and Plastic-Colour: Black-Size: 15x11x3cmPackage Inclusions:-1 x Meat TenderizerNotes:-Actual colors may vary due to computer monitors displaying colors differently.-Due to the nature of the manufacturing process and manual measurement, product sizing may vary slightly.",img4: https://s.catch.com.au/images/product/0131/131810/641af6057fd37336490580_w143h117.webp,img5: https://s.catch.com.au/images/product/0131/131810/641af605ec3d3546745427_w143h117.webp,img6: https://s.catch.com.au/images/product/0131/131810/641af6065c939311670578_w143h117.webp,img7: https://s.catch.com.au/images/product/0131/131810/641af606c432f945281162_w143h117.webp,img8: https://s.catch.com.au/images/product/0131/131810/641af60723fef129770698_w143h117.webp,img9: https://s.catch.com.au/images/product/0131/131810/641af6077aaf2273815957_w143h117.webp,
Camp Shower Bag Solar Heat Water Pipe Portable Camping Hiking Travel Outdoor - 40L,Vido,25.15,,img1: https://s.catch.com.au/images/product/0131/131811/641af5c957ede294830483_w143h117.webp,img2: https://s.catch.com.au/images/product/0131/131811/641af5caa5b00591755563_w143h117.webp,img3: https://s.catch.com.au/images/product/0131/131811/641af5cb0fee7174989150_w143h117.webp,"Product Description:-This Camp Shower can keep you clean while camping or hiking.-It is made of non-toxic PVC material.-With large capacity of 10 gallons or 40 litres and great performance on heat absorbility, it makes it easy to take a warm shower after a long expedition.-This shower bag can be folded for easy storage.Features:-Strong handle for convenient hanging and carrying-Attracts and stores solar energy to heat water-Only 3 hours of sunlight, it can turn the water temperature from 15 degrees to 45 degrees.-Lightweight and durable-Compact and easy to use-Sprinkles water out evenly, like a shower at home-Capacity: 10 gal. or 40LInstructions For Use:-Rinse the shower with warm water and 1table spoon of baking soda before initial use.-Fill with water, place on a flat surface with black side up and expose to direct sunlight.-Maximum temperature should be achieved in approximately 3 hours, it can makes the 15 degrees water reach 45 degrees.-Test the water temperature before use as temperature can get up to 50 degrees on a warm day.-Suspend using the hanging cord and suspension handle and shower is ready for use.Specifications:-Material: Nontoxic PVC-Capacity: 10 gallon, 40L-Dimensions L x W x H: 38 x 25 x 40 cm-Shower tube length: 62 cm-Weight: 475 g-Colour: BlackPackage Inclusions:-1 x 40L Camping Shower Bag-2 x Hanging Cord with Hook-1 x Flexible Shower Tube and Shower HeadNotes:-Actual colors may vary due to computer monitors displaying colors differently.-Due to the nature of the manufacturing process and manual measurement, product sizing may vary slightly.",img4: https://s.catch.com.au/images/product/0131/131811/641af5cb9db1b879384322_w143h117.webp,img5: https://s.catch.com.au/images/product/0131/131811/641af5cc10fc7553232173_w143h117.webp,img6: https://s.catch.com.au/images/product/0131/131812/641af5cc93d05733784348_w143h117.webp,img7: https://s.catch.com.au/images/product/0131/131812/641af5cd111ec270395497_w143h117.webp,img8: https://s.catch.com.au/images/product/0131/131812/641af5cd6fd00247479153_w143h117.webp,img9: https://s.catch.com.au/images/product/0131/131812/641af5cdbf020379572136_w143h117.webp,img10: https://s.catch.com.au/images/product/0131/131812/641af5ce1c4d4601052954_w143h117.webp
Boho Tassels Fringe Cushion Cover Striped Cushion Cover - 45x45cm - Charcoal Grey,CASAMI,19.35,,img1: https://s.catch.com.au/images/product/0131/131814/64363679f3b0b791209596_w143h117.webp,img2: https://s.catch.com.au/images/product/0131/131814/6436367c18a33716190879_w143h117.webp,,"Features:-Plain color velvet cushion cover, perfect for the bedroom or lounge-Soft and breathable-Invisible zip closure-Knife edge finish-Machine washableSpecifications:-Material: 100% Cotton-Size: 45x45cmPackage Inclusions:-1 x Cushion Cover (Insert is Not Included.)Notes:-Actual colors may vary due to computer monitors displaying colors differently.-Due to the nature of the manufacturing process and manual measurement, product sizing may vary slightly.",,,,,,,
Portable Toilet Camping Potty Caravan Travel Camp Boating Tent Hiking - 6L,Vido,58.86,,img1: https://s.catch.com.au/images/product/0131/131812/641af5ca5a5da617393606_w143h117.webp,img2: https://s.catch.com.au/images/product/0131/131812/641af5cb9a63b241734393_w143h117.webp,img3: https://s.catch.com.au/images/product/0131/131812/641af5cbf31b6069410804_w143h117.webp,"Features:-High-density Polyethylene Construction.-Lightweight design for easy carrying purpose.-Large base provides strong stability.-An ideal adult size toilet with 6L internal capacity.-Simply to remove, empty and clean.-Comfortable heightSpecifications:-Material: Plastic-Dimensions: Approx Height, 49x41x34cmPackage Inclusions:-1 x Outdoor Portable ToiletNotes:-Actual colors may vary due to computer monitors displaying colors differently.-Due to the nature of the manufacturing process and manual measurement, product sizing may vary slightly.",img4: https://s.catch.com.au/images/product/0131/131812/641af5cc48c35327205081_w143h117.webp,img5: https://s.catch.com.au/images/product/0131/131812/641af5ccb5592261334946_w143h117.webp,img6: https://s.catch.com.au/images/product/0131/131812/641af5cd28016909176915_w143h117.webp,img7: https://s.catch.com.au/images/product/0131/131812/641af5cd75c20674336199_w143h117.webp,img8: https://s.catch.com.au/images/product/0131/131812/641af5cdcfcb6278304616_w143h117.webp,img9: https://s.catch.com.au/images/product/0131/131812/641af5ce633cc359160384_w143h117.webp,img10: https://s.catch.com.au/images/product/0131/131812/641af5cee10f5212012642_w143h117.webp
Boho Tassels Fringe Cushion Cover Striped Cushion Cover - 45x45cm - Yellow,CASAMI,19.35,,img1: https://s.catch.com.au/images/product/0131/131814/6436367a17746120117345_w143h117.webp,img2: https://s.catch.com.au/images/product/0131/131814/6436367bf0b6f053957094_w143h117.webp,,"Features:-Plain color velvet cushion cover, perfect for the bedroom or lounge-Soft and breathable-Invisible zip closure-Knife edge finish-Machine washableSpecifications:-Material: 100% Cotton-Size: 45x45cmPackage Inclusions:-1 x Cushion Cover (Insert is Not Included.)Notes:-Actual colors may vary due to computer monitors displaying colors differently.-Due to the nature of the manufacturing process and manual measurement, product sizing may vary slightly.",,,,,,,
Boho Tassels Fringe Cushion Cover Striped Cushion Cover - 45x45cm - White,CASAMI,19.35,,img1: https://s.catch.com.au/images/product/0131/131814/6436367983e89307265406_w143h117.webp,img2: https://s.catch.com.au/images/product/0131/131814/6436367ad3535767149957_w143h117.webp,,"Features:-Plain color velvet cushion cover, perfect for the bedroom or lounge-Soft and breathable-Invisible zip closure-Knife edge finish-Machine washableSpecifications:-Material: 100% Cotton-Size: 45x45cmPackage Inclusions:-1 x Cushion Cover (Insert is Not Included.)Notes:-Actual colors may vary due to computer monitors displaying colors differently.-Due to the nature of the manufacturing process and manual measurement, product sizing may vary slightly.",,,,,,,
Boho Tassels Fringe Cushion Cover Striped Cushion Cover - 45x45cm - Blue,CASAMI,19.35,,img1: https://s.catch.com.au/images/product/0131/131814/6436367ea6e15336461459_w143h117.webp,img2: https://s.catch.com.au/images/product/0131/131814/64363680bdb30156644555_w143h117.webp,,"Features:-Plain color velvet cushion cover, perfect for the bedroom or lounge-Soft and breathable-Invisible zip closure-Knife edge finish-Machine washableSpecifications:-Material: 100% Cotton-Size: 45x45cmPackage Inclusions:-1 x Cushion Cover (Insert is Not Included.)Notes:-Actual colors may vary due to computer monitors displaying colors differently.-Due to the nature of the manufacturing process and manual measurement, product sizing may vary slightly.",,,,,,,
Boho Tassels Fringe Cushion Cover Striped Cushion Cover - 45x45cm - Linen,CASAMI,19.35,,img1: https://s.catch.com.au/images/product/0131/131814/643636797f071720924190_w143h117.webp,img2: https://s.catch.com.au/images/product/0131/131814/6436367b70150447808480_w143h117.webp,,"Features:-Plain color velvet cushion cover, perfect for the bedroom or lounge-Soft and breathable-Invisible zip closure-Knife edge finish-Machine washableSpecifications:-Material: 100% Cotton-Size: 45x45cmPackage Inclusions:-1 x Cushion Cover (Insert is Not Included.)Notes:-Actual colors may vary due to computer monitors displaying colors differently.-Due to the nature of the manufacturing process and manual measurement, product sizing may vary slightly.",,,,,,,
1Pc Foot Scrubber Massager Shower Feet Cleaner Exfoliating Bath Wash Slipper Brush - Blue,Vido,30.24,,img1: https://s.catch.com.au/images/product/0131/131810/641af60779de7064317717_w143h117.webp,img2: https://s.catch.com.au/images/product/0131/131810/641af608bbe71529451221_w143h117.webp,img3: https://s.catch.com.au/images/product/0131/131810/641af60919225757372325_w143h117.webp,"Features:-Easily cleans your feet from top to bottom.-No more bending or stretching to clean your feet.-Made with over a thousand soft cleaning bristle.-Massages, exfoliates and eliminates dirt.-Pumice stone smooth rough, cracked heels.-Fits all feet no matter what shape or size.-Suction cup base sticks to almost any surface.-Easy to keep clean.-Be great for feet of all ages, perfect for family use.-Perfect for seniors and those with limited movement.Specifications:-Material: Plastic-Dimensions: 28cm 11.02in x 14cm 5.51in x 10cm 3.94in-Colour: Blue, PinkPackage Inclusions:-1 x Brush SlipperNotes:-Actual colors may vary due to computer monitors displaying colors differently.-Due to the nature of the manufacturing process and manual measurement, product sizing may vary slightly.",img4: https://s.catch.com.au/images/product/0131/131810/641af6097047a221514506_w143h117.webp,img5: https://s.catch.com.au/images/product/0131/131810/641af609bb8a7259959825_w143h117.webp,img6: https://s.catch.com.au/images/product/0131/131810/641af60a26cb3418121029_w143h117.webp,img7: https://s.catch.com.au/images/product/0131/131810/641af60a784e3908445873_w143h117.webp,img8: https://s.catch.com.au/images/product/0131/131810/641af60ac1fee166492159_w143h117.webp,img9: https://s.catch.com.au/images/product/0131/131810/641af60b2b9ed753856228_w143h117.webp,img10: https://s.catch.com.au/images/product/0131/131810/641af60b91b2f665326884_w143h117.webp
Sleep Headset Bluetooth Wireless Stereo Earphone Headphone Sports Headband Music - Black,Vido,48.38,,img1: https://s.catch.com.au/images/product/0131/131812/641af5e1c8df9229467659_w143h117.webp,img2: https://s.catch.com.au/images/product/0131/131812/641af5e2dce7a951208596_w143h117.webp,img3: https://s.catch.com.au/images/product/0131/131812/641af5e361794409751512_w143h117.webp,"Features:-The latest Bluetooth V5.0 chip, high-fidelity stereo, powerful bass effect, clear and stable calls.-Ultra-low power consumption, continuous music playback about 7 hours.-The transmission speed is fast and stable, and the unobstructed transmission distance exceeds 20 meters.-There are English voice prompts for power-on, power-off, successful pairing, low battery, and maximum volume.-The battery can be displayed and the SIRI intelligent voice assistant can activate.-The headband is made of high-quality nylon cation, not fade, not shrink, not deform, double-layer design, high-end fashion, light and thin.-After fully charged, the static standby time of the Bluetooth headset is up to 500 days! The headset can be turned on after 500 days of standby!Specifications:-Bluetooth specification: V5.0 and EDR A2DP AVRCP HFP-Frequency range: 2.4026GHz-2.480GHz-Transmission distance: more than 20 meters-Channel: stereo-Speaker parameters: 32 ohms 30mm-Speaker power: 0.5W x 2-Signal to noise ratio : 104dB-Function: previous track, next track, volume up, volume down, play, pause, answer a call, make a call, activate SIRI, microphone intercom-Play time: 7 hours-Talk time: more than 8 hours-Standby time: more than 260 hours actual test-Charging time: about 2 hours-Standby time: 500 days standby time after fully charged. And the headset can be turned on without charging after 500 days of standby!Package Inclusions:-1 x Bluetooth Headband-1 x USB Charging Cable-1 x ManualNotes:-Actual colors may vary due to computer monitors displaying colors differently.-Due to the nature of the manufacturing process and manual measurement, product sizing may vary slightly.",img4: https://s.catch.com.au/images/product/0131/131812/641af5e3c45a6068197697_w143h117.webp,img5: https://s.catch.com.au/images/product/0131/131812/641af5e4391b6338468345_w143h117.webp,img6: https://s.catch.com.au/images/product/0131/131812/641af5e49c655818294277_w143h117.webp,,,,
King Size Mulberry Silk Pillow Case Slip Genuine 25 Momme Silk - 2x - White,CASAMI,100.99,,img1: https://s.catch.com.au/images/product/0131/131541/64363509560ce553913130_w143h117.webp,img2: https://s.catch.com.au/images/product/0131/131541/64363509d8b04772830081_w143h117.webp,,"Product Details:-This silk pillow case can protect and prolong the life of your pillow, so you and yours can always count on us to help deliver sweet dreams.-Mulberry Silk contains 18 essential amino acids and are known for its effectiveness in both the prevention of ageing, and also as a natural skin-moisturizing agent.-Silk is hypoallergenic and delicate on the skin, and with its natural, temperature-regulating properties, is both cool and soothing to the touch.Features:-Front Material: 100% Pure Mulberry Silk (25 Momme)-Reverse Material: Non-Slip Polyester Satin-Luxurious silky-smooth texture-Anti-static properties ensuring you wake up with shiny hair-Zipper Closure and Piped Edge-Hypoallergenic, breathable and chemical-free-Natural temperature-regulating properties-Hand wash or gentle cold-machine wash. Air dry onlySpecifications:-Size: 54 x 94 mmPackage Included:-2 x Silk Pillow SlipNotes:-Actual colors may vary due to computer monitors displaying colors differently.-Due to the nature of the manufacturing process and manual measurement, product sizing may vary slightly.",,,,,,,
2x Pure Natural Cotton King Size Pillow Case Cover Slip - 54x94cm - Grey,CASAMI,49.99,,img1: https://s.catch.com.au/images/product/0131/131541/6436350b0180a872064538_w143h117.webp,img2: https://s.catch.com.au/images/product/0131/131541/6436350be3119753016253_w143h117.webp,img3: https://s.catch.com.au/images/product/0131/131541/6436350c56ad1993971456_w143h117.webp,"Product Details:-This silk pillow case can protect and prolong the life of your pillow, so you and yours can always count on us to help deliver sweet dreams.Features:-100% fine natural cotton cover-Anti-bacterial-Breathable-Hypoallergenic-Envelope Closure-Increases Pillow life-Easy care machine washableSpecifications:-Size: 54 x 94 cmPackage Included:-2 x King Size Pillow SlipNotes:-Actual colors may vary due to computer monitors displaying colors differently.-Due to the nature of the manufacturing process and manual measurement, product sizing may vary slightly.",,,,,,,
2000TC Egyptian Cotton Bed Flat Fitted Sheet Set Single Double Queen King Size - Frost,CASAMI,83.58,,img1: https://s.catch.com.au/images/product/0131/131817/6436350ab9281978747132_w143h117.webp,img2: https://s.catch.com.au/images/product/0131/131817/6436350c15bb4680284868_w143h117.webp,img3: https://s.catch.com.au/images/product/0131/131817/6436350c7ef77784971972_w143h117.webp,"Product Description:-Layer your bed with Our premium sheets and frankly, you probably wont want to get out of bed!Features:-100% Cotton sheets that are super smooth silky.-Extra deep pockets with elastic for a snug fit.-Certified and more durable than other sheets-2000 thread count for wonderful weight and thickness-Breathable, comfy, and cool sheets-Fitted Bottom Sheet with Deep Pocket and Extra Strong Elastic-Sturdy, durable, and easy to wash-Smart Size and Side indicators for easy useSpecifications:-Material: Cotton-Thread Count: 2000-GSM (Grams per Square Meter):201-400-Dimensions and Includes:-Single Size Sheet Set Includes: (3 Piece)-1 x Flat Sheet : 180cm x 260cm-1 x Fitted Sheet: 91cm x 193cm plus 36cm Wall-1 x Standard Pillowcase : 48cm x 73CM-Double Size Sheet Set Includes: (4 Piece)-1 x Flat Sheet : 220cm x 260cm-1 x Fitted Sheet: 137cm x 190cm plus 36cm Wall-2 x Standard Pillowcase : 48cm x 73CM-Queen Size Sheet Set Includes: (4 Piece)-1 x Flat Sheet:265cm x 245cm-1 x Fitted Sheet:152cm x 203cm plus 36cm Wall-2 x Pillowcase:48cm x 73cm-King Size Sheet Set Includes: (4 Piece)-1 x Flat Sheet: 275cm x 265cm-1 x Fitted Sheet: 183cm x 203cm plus 36cm Wall-2 x Standard Pillowcase : 48cm x 73cmPackage Inclusions:-1 x Sheet SetNotes:-Actual colors may vary due to computer monitors displaying colors differently.-Due to the nature of the manufacturing process and manual measurement, product sizing may vary slightly.",img4: https://s.catch.com.au/images/product/0131/131817/6436350d0ab65480773000_w143h117.webp,,,,,,
Teddy Fleece Fitted Sheet Combo Warm Soft Teddy Fleece Fitted Sheet Set - Grey,CASAMI,63.8,,img1: https://s.catch.com.au/images/product/0131/131814/643637dab2a51308114647_w143h117.webp,img2: https://s.catch.com.au/images/product/0131/131814/643637dca4cdb185220242_w143h117.webp,,"Product Description:-Treat yourself to this luxurious Teddy Fleece bedding range and snuggle into ultimate comfort with our super soft, fluffy fleece sheet set. They are made from soft teddy fleece, the perfect name for a fabric so cozy, soft and warm. You will look forward to slipping into bed on even the coldest nights. In a range of natural colours, great for adding extra liveliness to any bedspread.Features:-Materials: 100% MicrofibreCare Instructions:-Machine Wash separately-Do not exceed 40C-Do not bleach or iron-Do not tumble dry cleanSpecifications:-Single:-Fitted sheet: 91cm x 193cm x 35cm-1 x Pillowcase: 48cm x 74cm-King Single:-Fitted sheet: 107cm x 203cm x 35cm-1 x Pillowcase: 48cm x 74cm-Double:-Fitted sheet: 137cm x 193cm x 35cm-2 x Pillowcase: 48cm x 74cm-Queen:-Fitted sheet: 153cm x 203cm x 35cm-2 x Pillowcase: 48cm x 74cm-King:-Fitted sheet: 183cm x 203cm x 35cm-2 x Pillowcase: 48cm x 74cmPackage Inclusions:-1 x Fitted Sheet SetNotes:-Actual colors may vary due to computer monitors displaying colors differently.-Due to the nature of the manufacturing process and manual measurement, product sizing may vary slightly.",,,,,,,
Solid Soft Doona Duvet Quilt Cover Bed Set Double Queen King Size Pillow Case - Cyan and Grey,CASAMI,63.78,,img1: https://s.catch.com.au/images/product/0131/131816/643639bf3c76e970410748_w143h117.webp,img2: https://s.catch.com.au/images/product/0131/131816/643639c0907e3481863916_w143h117.webp,img3: https://s.catch.com.au/images/product/0131/131816/643639c104447146183181_w143h117.webp,"Features:-Soft-Modern-Thread Count: 201-400-Material: Polyester-Zipper Closure TypeSpecifications:-Double:-1 x Quilt Cover 180x210cm 3cm-2 x Pillowcases 48X74cm 3cm-Queen:-1 x Quilt Cover 210x210cm 3cm-2 x Pillowcases 48X74cm 3cm-King:-1 x Quilt Cover 220x240cm 3cm-2 x Pillowcases 48X74cm 3cmPackage Inclusions:-1 x Quilt Cover SetNotes:-Actual colors may vary due to computer monitors displaying colors differently.-Due to the nature of the manufacturing process and manual measurement, product sizing may vary slightly.",img4: https://s.catch.com.au/images/product/0131/131816/643639c15aab0080734252_w143h117.webp,img5: https://s.catch.com.au/images/product/0131/131816/643639c1a4ce3415596580_w143h117.webp,img6: https://s.catch.com.au/images/product/0131/131816/643639c201480990628647_w143h117.webp,img7: https://s.catch.com.au/images/product/0131/131816/643639c2508b4328854348_w143h117.webp,img8: https://s.catch.com.au/images/product/0131/131816/643639c2a2764971719588_w143h117.webp,img9: https://s.catch.com.au/images/product/0131/131816/643639c3006e7874710825_w143h117.webp,img10: https://s.catch.com.au/images/product/0131/131816/643639c356672439011206_w143h117.webp
Jaw Line Exercise Facial Toner Jaw Muscle Exerciser Fitness Neck Face Toning Tool,Vido,23.08,,img1: https://s.catch.com.au/images/product/0131/131809/641af5dd2f754994507555_w143h117.webp,img2: https://s.catch.com.au/images/product/0131/131809/641af5de6af04199562193_w143h117.webp,img3: https://s.catch.com.au/images/product/0131/131809/641af5dea90a5202443835_w143h117.webp,"Features:-High Quality Material: The jaw size exerciser is made of high quality and food grade rubber, safe, non-toxic, strong and durable. Long-term use can improve your chin line and make you look younger and better.-Skin Tightening: Jaw Exerciser is suitable for people of all ages. All skin tones can tighten the skin and enhance the appearance by increasing blood circulation to the face, neck and head.-Jawline Exerciser: Jaw exercise trains and stretches the muscles of the face and neck which can help in reducing double chin, enhancing the jawline and helping you achieve a perfect and natural smile.-Efficiency: This mandibular exerciser promotes facial skin tone tightening and chin lift, zigzag shaping and V shaping which eliminates fat deposits in the chin and neck.-Portable and Easy to Carry: The Jawline Shaper is convenient, hands-free exercise, ultra-small size to carry, and can be used independently when out, gym, work or anywhere.-Easy to Use: Simply put the Jawline Fitness Ball and Facial Toner in your mouth, place it on your teeth and gently press on the white bite strips to mold them for the most comfortable fit.Specifications:-Item Type: Muscle exerciser-Material: Silicone-Color: Black-Size: One size-Capacity: 40 Pounds-Exerciser Size: 15 minutes-Quantity: 1pcPackage Inclusions:-1 x Muscle exerciser-1 x RopeNotes:-Actual colors may vary due to computer monitors displaying colors differently.-Due to the nature of the manufacturing process and manual measurement, product sizing may vary slightly.",img4: https://s.catch.com.au/images/product/0131/131810/641af5def27e9838501377_w143h117.webp,img5: https://s.catch.com.au/images/product/0131/131810/641af5df42fa3810918411_w143h117.webp,img6: https://s.catch.com.au/images/product/0131/131810/641af5dfcb0e3742384298_w143h117.webp,,,,
Barbell Bar Clamp Spring Collar Clips Gym Weight Dumbbell Lock Lift 2pcs 50mm - Black,Vido,29.96,,img1: https://s.catch.com.au/images/product/0131/131811/641af5dc30491050577647_w143h117.webp,img2: https://s.catch.com.au/images/product/0131/131811/641af5dd59173030432715_w143h117.webp,img3: https://s.catch.com.au/images/product/0131/131811/641af5ddaac54391158742_w143h117.webp,"Features:-Superior Durability: Made by hardest ABS plastic that can stand up the toughest home, gym, or group-exercise environment.-Olympic Size: Power Guidance barbell clamp fits for 2 inches Olympic standard size.-Easy To Use: Simply lift the clamp clip and insert bar through clamp and close the clamp clip so there is a secure lock.-Extremely Easy To Use: Open the snap-latch design locking mechanism, slide onto the bar and up to the weight and lock in place.-High Security Lock: Allows for an extremely safe safety measure as it is extremely tight and will stop the movement of weight plates.Specifications:-Material: Plastic Size: 50MMPackage Inclusions:-1 x Pair Spring LocksNotes:-Actual colors may vary due to computer monitors displaying colors differently.-Due to the nature of the manufacturing process and manual measurement, product sizing may vary slightly.",img4: https://s.catch.com.au/images/product/0131/131811/641af5de01957372742563_w143h117.webp,img5: https://s.catch.com.au/images/product/0131/131811/641af5de7d613056430840_w143h117.webp,img6: https://s.catch.com.au/images/product/0131/131811/641af5dee84df451169507_w143h117.webp,img7: https://s.catch.com.au/images/product/0131/131811/641af5df52c73846862643_w143h117.webp,img8: https://s.catch.com.au/images/product/0131/131811/641af5df9ccbe031103699_w143h117.webp,,
Striped 1000TC Luxury Duvet Doona Quilt Cover Set Double Queen Super King Bed - Black,CASAMI,50.99,,img1: https://s.catch.com.au/images/product/0131/131544/6436a6231f314649601462_w143h117.webp,,,"Product Details:-Experience luxurious comfort while enhancing your bedroom decor with this quilt cover. This ultra-soft 1000 thread count quilt cover offers superior comfort to ensure a peaceful night rest.Features:-Material: Ultra-Soft Microfibre-1000 Thread Count-Breathable and Soft Feel-Thin and Light, Great for Summer-Easy Care,Machine WashableSpecifications and Package Inclusions:-Single:(2 Pieces)-1 x Single Quilt Cover: 140 cm x210 cm-1 x Standard Pillowcase : 48cm x 73cm-King Single:(2 Pieces)-1 x King Single Quilt Cover: 160 cm x210 cm-1 x Standard Pillowcase : 48cm x 73cm-Double:(3 Pieces)-1 x Double Quilt Cover: 180 cm x210 cm-2 x Standard Pillowcase : 48cm x 73cm-Queen:(3 Pieces)-1 x Queen Quilt Cover: 210 cm x210 cm-2 x Standard Pillowcase : 48cm x 73cm-King:(3 Pieces)-1 x King Quilt Cover: 240 cm x210 cm-2 x Standard Pillowcase : 48cm x 73cm-Super King:(3 Pieces)-1 x King Quilt Cover: 240 cm x270 cm-2 x Standard Pillowcase : 48cm x 73cmNotes:-Actual colors may vary due to computer monitors displaying colors differently.-Due to the nature of the manufacturing process and manual measurement, product sizing may vary slightly.",,,,,,,
Striped 1000TC Luxury Duvet Doona Quilt Cover Set Double Queen Super King Bed - Grey,CASAMI,50.99,,img1: https://s.catch.com.au/images/product/0131/131544/64363143e688a931727597_w143h117.webp,,,"Product Details:-Experience luxurious comfort while enhancing your bedroom decor with this quilt cover. This ultra-soft 1000 thread count quilt cover offers superior comfort to ensure a peaceful night rest.Features:-Material: Ultra-Soft Microfibre-1000 Thread Count-Breathable and Soft Feel-Thin and Light, Great for Summer-Easy Care,Machine WashableSpecifications and Package Inclusions:-Single:(2 Pieces)-1 x Single Quilt Cover: 140 cm x210 cm-1 x Standard Pillowcase : 48cm x 73cm-King Single:(2 Pieces)-1 x King Single Quilt Cover: 160 cm x210 cm-1 x Standard Pillowcase : 48cm x 73cm-Double:(3 Pieces)-1 x Double Quilt Cover: 180 cm x210 cm-2 x Standard Pillowcase : 48cm x 73cm-Queen:(3 Pieces)-1 x Queen Quilt Cover: 210 cm x210 cm-2 x Standard Pillowcase : 48cm x 73cm-King:(3 Pieces)-1 x King Quilt Cover: 240 cm x210 cm-2 x Standard Pillowcase : 48cm x 73cm-Super King:(3 Pieces)-1 x King Quilt Cover: 240 cm x270 cm-2 x Standard Pillowcase : 48cm x 73cmNotes:-Actual colors may vary due to computer monitors displaying colors differently.-Due to the nature of the manufacturing process and manual measurement, product sizing may vary slightly.",,,,,,,
2x Pure Natural Cotton King Size Pillow Case Cover Slip - 54x94cm - Black,CASAMI,46.99,,img1: https://s.catch.com.au/images/product/0131/131541/6436350a2625b767557570_w143h117.webp,img2: https://s.catch.com.au/images/product/0131/131541/6436350aaf5ec679274468_w143h117.webp,img3: https://s.catch.com.au/images/product/0131/131541/6436350b1b66f813394519_w143h117.webp,"Product Details:-This silk pillow case can protect and prolong the life of your pillow, so you and yours can always count on us to help deliver sweet dreams.Features:-100% fine natural cotton cover-Anti-bacterial-Breathable-Hypoallergenic-Envelope Closure-Increases Pillow life-Easy care machine washableSpecifications:-Size: 54 x 94 cmPackage Included:-2 x King Size Pillow SlipNotes:-Actual colors may vary due to computer monitors displaying colors differently.-Due to the nature of the manufacturing process and manual measurement, product sizing may vary slightly.",,,,,,,
2x Pure Natural Cotton King Size Pillow Case Cover Slip - 54x94cm - Light Pink,CASAMI,46.99,,img1: https://s.catch.com.au/images/product/0131/131541/6436350a40a9e667466209_w143h117.webp,img2: https://s.catch.com.au/images/product/0131/131541/6436350b20af3803520089_w143h117.webp,img3: https://s.catch.com.au/images/product/0131/131541/6436350b75dc2761796038_w143h117.webp,"Product Details:-This silk pillow case can protect and prolong the life of your pillow, so you and yours can always count on us to help deliver sweet dreams.Features:-100% fine natural cotton cover-Anti-bacterial-Breathable-Hypoallergenic-Envelope Closure-Increases Pillow life-Easy care machine washableSpecifications:-Size: 54 x 94 cmPackage Included:-2 x King Size Pillow SlipNotes:-Actual colors may vary due to computer monitors displaying colors differently.-Due to the nature of the manufacturing process and manual measurement, product sizing may vary slightly.",,,,,,,
Unisex Cycling Running Hiking Bike Waterproof Windproof Jacket Outdoor Rain Coat - Blue,Vido,35.92,,img1: https://s.catch.com.au/images/product/0131/131811/641af5d588466489527738_w143h117.webp,img2: https://s.catch.com.au/images/product/0131/131811/641af5d70b012495532061_w143h117.webp,img3: https://s.catch.com.au/images/product/0131/131811/641af5d76ae80732591689_w143h117.webp,"Features:-Unisex, Portable and Lightweight.-Waterproof Wind breaker.-Keeps you dry all day.-Windproof protection, which will help to keep cold chills at bay.-Ideal for a variety of outdoor activities such as camping and hiking.Specifications:-Size: Bust x Length x Sleeve-M: 110 x 65 x 73-L: 114 x 67 x 75-XL: 118 x 69 x 77-2XL: 122 x 71 x 79-3XL: 126 x 73 x 81Package Inclusions:-1 x Waterproof JacketNotes:-Actual colors may vary due to computer monitors displaying colors differently.-Due to the nature of the manufacturing process and manual measurement, product sizing may vary slightly.",img4: https://s.catch.com.au/images/product/0131/131811/641af5d7b6433487636936_w143h117.webp,,,,,,
Oscillating Multi Tool Blade Saw Blades Wood Metal Cutter,Vido,30.7,,img1: https://s.catch.com.au/images/product/0131/131812/641af5db53f0f905843824_w143h117.webp,img2: https://s.catch.com.au/images/product/0131/131812/641af5dc8a23d473874360_w143h117.webp,img3: https://s.catch.com.au/images/product/0131/131812/641af5dce2532685698728_w143h117.webp,"Product Description:-Made of high carbon steel, these robust oscillating multi tool saw blades perform great on wood, plastic, metal and nail.-Thick gauge metals and high quality manufacturing techniques insure superior wear tolerance and life.-Built-in depth markers on sides, allow you to make accurate cut fast and easy every time.-With incisive teeth, it can saw into corners and cut angles with precision.-The universal hole type can match a variety of machines.Features:-For cutting plastic, soft metal, wood, drywall etc.-High precision for woodworking cutter.-Manufactured with a durable cutting edge that resists wear and cuts quickly.-Oscillating saw blade that is so durable and long time using.-Professional quality multi tool blades with measurement scales.-Can be accurately cut into corners and cutting angles.-Precision blades Can cut laminate without debris, large tooth design resists load and increases cutting speed.-Made of high carbon steel, durable.-Size: 34x90x1MM.Specifications:-Compatible brand:-For AEG-For Aldi Workzone-For Bosch, not Starlock-For Argos Challenge Extreme-For B and Q Mac Allister, MMT108-LI-For Batavia-For Black and Decker-For CEL-with CEL Adaptor-For Clarke-For Dewalt-For Duratool, D01962-For Einhell-For Erbauer ERB474HTL, Screwfix-For Fein, not Starlock-For Ferm-For Lidl Parkside, PMFW280-A2-For Mac Allister with Mac Allister adaptor-For Makita-For Milwaukee-For Renovator and Saxton Adaptor-For Ryobi-1plus with Ryobi adaptor, Stored in battery compartment of Multitool-For Stanley-For Silverline-For Skil Multitasker-For Stanley Fatmax-For Terratek-For Tesco-For Tooltec-For Worx Sonicrafter Hyperlock, quick release style-For WolfPackage Inclusions:-10 or 20 or 30 or 50 or 100 x Saw BladesNotes:-Actual colors may vary due to computer monitors displaying colors differently.-Due to the nature of the manufacturing process and manual measurement, product sizing may vary slightly.",img4: https://s.catch.com.au/images/product/0131/131812/641af5dd58840957204265_w143h117.webp,img5: https://s.catch.com.au/images/product/0131/131812/641af5ddcc022222842465_w143h117.webp,img6: https://s.catch.com.au/images/product/0131/131812/641af5de32d3f806188337_w143h117.webp,img7: https://s.catch.com.au/images/product/0131/131812/641af5de89540569234433_w143h117.webp,img8: https://s.catch.com.au/images/product/0131/131812/641af5deeb9ff577149530_w143h117.webp,img9: https://s.catch.com.au/images/product/0131/131812/641af5df5e473483809475_w143h117.webp,img10: https://s.catch.com.au/images/product/0131/131812/641af5dfdbec0710555234_w143h117.webp
Wireless Fast Charging Dock Cradle Smart Watch Charger - For Samsung Galaxy S2 S3,Vido,29.23,,img1: https://s.catch.com.au/images/product/0131/131812/641af5e36763c894943141_w143h117.webp,img2: https://s.catch.com.au/images/product/0131/131812/641af5e4e2884789997757_w143h117.webp,img3: https://s.catch.com.au/images/product/0131/131812/641af5e543c7e983966399_w143h117.webp,"Features:-Reliable and Durable: Solid build construction, with a considerately-designed notch to cradle your watch against tilting or slipping.-Clear Indicator:With LED lights at the front to remind you of different status, you will feel more comfortable and safe with humanization design for use.-Qi-Standard Wireless Charging: Provides flexible, efficient, secure and fast charging for your precious watch.-Anti-slip Design: Bottom plate is with a round of silicone strap to prevent from slipping.-Powerful Magnetic Attachment: Built-in magnet secures your beloved watch while charging.Specifications:-Type: Smart Watch Charging Dock-Material: Plastic, Silicone-Color: Black-Quantity: 1pc-Input voltage: 5V-Output voltage: 5V-Working temperature 0 degree to 50 degrees-Storage temperature -20 degrees to 85 degrees-Humidity: 10% to 95%RH-Size: 8.5x4.6cm 3.34x1.81in-Weight: 70g 2.47ozPackage Inclusions:-1 x Charger Cradle-1 x USB CableNotes:-Actual colors may vary due to computer monitors displaying colors differently.-Due to the nature of the manufacturing process and manual measurement, product sizing may vary slightly.",img4: https://s.catch.com.au/images/product/0131/131812/641af5e5a015a162057598_w143h117.webp,img5: https://s.catch.com.au/images/product/0131/131812/641af5e601e58262707547_w143h117.webp,img6: https://s.catch.com.au/images/product/0131/131812/641af5e655e8d396428192_w143h117.webp,img7: https://s.catch.com.au/images/product/0131/131812/641af5e6c2928654093814_w143h117.webp,img8: https://s.catch.com.au/images/product/0131/131812/641af5e72d9ea942566717_w143h117.webp,img9: https://s.catch.com.au/images/product/0131/131812/641af5e77ee9e487028687_w143h117.webp,img10: https://s.catch.com.au/images/product/0131/131812/641af5e7d8ada492345853_w143h117.webp
Motorcycle 12 LED Turn Signal Indicators Motorbike Flowing Water Light Amber - 4x,Vido,29.75,,img1: https://s.catch.com.au/images/product/0131/131811/641af5de8b658324378832_w143h117.webp,img2: https://s.catch.com.au/images/product/0131/131811/641af5dfd365a894158354_w143h117.webp,img3: https://s.catch.com.au/images/product/0131/131811/641af5e03d1b3620038877_w143h117.webp,"Features:-High brightness, low power consumption, high performance.-With cool appearance design makes the car more grades and higher retention rates.-Turn signal lamp shell snakeskin style handle high flexible rubber, curved high, which can effectively prevent accidental falls.-Easy to install. Fit for Motorcycle.Specifications:-Type: Turn Lights-Color: Black-Compatibility: Universal-Material: Plastic and Metal-LED Light Model: Flowing Water-LED Lights Color: Amber-LED Lights Number: 12-Connection: 2 Wirer-Voltage: DC 12V-Power: 1W-Size: 10.4x2.5cm-Cable Length: 25cm-Fitment:-The Signals Light is universal fit for 10MM hole, they will work with most popular motorcycle such as Sport bikes, Street Bike, Off Road, Chopper.-Reminder: Once you received the product, please use the 12V storage battery to test the light is on or not. Because sometimes the strobe controller of the motorbike may cause the lights off.Package Inclusions:-4 x Turn Lights (2x left and 2x Right)Notes:-Actual colors may vary due to computer monitors displaying colors differently.-Due to the nature of the manufacturing process and manual measurement, product sizing may vary slightly.",img4: https://s.catch.com.au/images/product/0131/131811/641af5e091cb8637679246_w143h117.webp,img5: https://s.catch.com.au/images/product/0131/131811/641af5e0e2d57804889744_w143h117.webp,img6: https://s.catch.com.au/images/product/0131/131811/641af5e15f07b478856867_w143h117.webp,img7: https://s.catch.com.au/images/product/0131/131811/641af5e1a8a2d140163519_w143h117.webp,img8: https://s.catch.com.au/images/product/0131/131811/641af5e209113161241831_w143h117.webp,img9: https://s.catch.com.au/images/product/0131/131811/641af5e26d2e6247740797_w143h117.webp,img10: https://s.catch.com.au/images/product/0131/131812/641af5e2cb536679067260_w143h117.webp
All Size Bed Ultra Soft Quilt Duvet Doona Cover Set Bedding Pillowcase - Butterfly,CASAMI,48.99,,img1: https://s.catch.com.au/images/product/0131/131541/64363280bf921042606023_w143h117.webp,,,"Product Details:-Creating the bedroom of your dreams starts with one of our beautiful quilt covers.Features:-Material: 100% Ultra Soft MicrofibreCare Instructions:-Machine washable-Can tumble dry on low heat-Please do not use bleach-Do not dry cleanSpecifications:-Single:(2 Pieces)-1 x Single Quilt Cover: 140cm x 210cm-1 x Standard Pillowcase: 48cm x 73cm-Double:(3 Pieces)-1 x Double Quilt Cover: 180cm x 210cm-2 x Standard Pillowcase: 48cm x 73cm-Queen:(3 Pieces)-1 x Queen Quilt Cover: 210cm x 210cm-2 x Standard Pillowcase: 48cm x 73cm-King:(3 Pieces)-1 x King Quilt Cover: 210cm x 240cm-2 x Standard Pillowcase: 48cm x 73cm-Super King:(3 Pieces)-1 x King Quilt Cover: 240cm x 270cm-2 x Standard Pillowcase: 48cm x 73cm-King Single:(2 Pieces)-1 x King Single Quilt Cover: 160cm x 210cm-1 x Standard Pillowcase: 48cm x 73cmPackage Inclusion:-1 x Quilt Cover SetNotes:-Actual colors may vary due to computer monitors displaying colors differently.-Due to the nature of the manufacturing process and manual measurement, product sizing may vary slightly.",,,,,,,
1450TC Premium Egyptian Quality Cotton Sheet Set - White,CASAMI,229.35,,img1: https://s.catch.com.au/images/product/0131/131814/643637d9d0780580651668_w143h117.webp,,,"Product Description:-Luxury genuine Egyptian cotton-Flat sheet and Pillowcases with Hem Stitching-Fully fitted with 40cm Wall-1450 Thread Count-Highest quality and luxury sheetsFeatures:-Material: 100% Egyptian Cotton-1450 Thread CountSpecifications:-Queen:-1 x Fitted Sheet: 152x203x40cm-1 x Flat sheet: 250x264cm-2 x Standard Pillowcases: 48x73cm-King:-1 x Fitted Sheet: 180x203x40cm-1 x Flat sheet: 260x274cm-2 x Standard Pillowcases: 48x73cmPackage Inclusions:-1 x Bed Sheet SetNotes:-Actual colors may vary due to computer monitors displaying colors differently.-Due to the nature of the manufacturing process and manual measurement, product sizing may vary slightly.",,,,,,,
1500TC Supreme Egyptian Cotton Full Sheet Set - White,CASAMI,107.8,,img1: https://s.catch.com.au/images/product/0131/131814/6436350b452df328582654_w143h117.webp,img2: https://s.catch.com.au/images/product/0131/131814/6436350c8033d798986890_w143h117.webp,,"Product Description:-Pure luxury in 1500 thread count with ultra-softness and comfort.-Smooth sateen weave, simple-ply, light weighted, long staple yarn and fine breathability.-Superior quality cotton, an exceptionally high 1500 thread count and lustrous sateen weave combine to create a superior quality fabric that feels cool in summer and warm in winter.-These sheets offer the epitome of luxury with minimal fuss, as they can be tumbled dried and require minimal ironing.-Enjoy the indulgence of a luxurious night sleep with our 1500TC Egyptian cotton sheets.Features:-Material: 100% Egyptian CottonCare Instructions:-Wash separately before first use-Warm machine wash-Tumble dry-Warm Warm iron if required-Do Not bleachSpecifications:-Single:-Fitted sheet: 91cm x 193cm x 40cm-Flat sheet: 180cm x 235cm-1 x Pillowcase: 48cm x 73cm-King Single:-Fitted sheet: 107cm x 203 x 40cm-Flat sheet: 200cm x 260cm-1 x Pillowcase: 48cm x 73cm-Double:-Fitted sheet: 137cm x 193cm x 40cm-Flat sheet: 228cm x 250cm-2 x Pillowcase: 48cm x 73cm-Queen:-Fitted sheet: 153cm x 203cm x 40cm-Flat sheet: 240cm x 260cm-2 x Pillowcase: 48cm x 73cm-King:-Fitted sheet: 183cm x 203cm x 40cm-Flat sheet: 260cm x 270cm-2 x Pillowcase: 48cm x 73cm-Mega Queen:-Fitted sheet: 153cm x 203cm x 50cm-Flat sheet: 270cm x 270cm-2 x Pillowcase: 48cm x 73cm-Mega King:-Fitted sheet: 183cm x 203cm x 50cm-Flat sheet: 300cm x 270cm-2 x Pillowcase: 48cm x 73cmPackage Inclusions:-1 x Sheet SetNotes:-Actual colors may vary due to computer monitors displaying colors differently.-Due to the nature of the manufacturing process and manual measurement, product sizing may vary slightly.",,,,,,,
245GSM Cotton Cellular Blanket - Royal,CASAMI,100.78,,img1: https://s.catch.com.au/images/product/0131/131811/64363146a6973472712377_w143h117.webp,img2: https://s.catch.com.au/images/product/0131/131811/64363148261c1757113201_w143h117.webp,,"Product Description:-Our 245gsm Cotton Cellular Blanket is lightweight, breathable and easy to care for, providing everyday comfort.-This blanket will take you through the warmer summer months by maintaining airflow due to its cellular hole weave, keeping the temperature just right!-With a cellular hole weave allowing airflow and cotton natural breathability, our Cotton Cellular blanket is the perfect summer blanket.Features:-Material: 245GSM CottonCare Instructions:-Please wash prior to first use.-Gentle machine wash using cold water.-Do not use harsh detergents or bleach.-Line dry without delay, may be tumble dried on cool setting.-Laundering may cause the blanket to lose shape, this can be rectified by manually reshaping on the line while damp.Specifications:-Single size: 160 x 230cm-King Single size: 180 x 250cm-Double size: 230 x 240cm-Queen size: 240 x 255cm-King size: 250 x 265cmPackage Inclusions:-1 x Blanket only - other bedding not includedNotes:-Actual colors may vary due to computer monitors displaying colors differently.-Due to the nature of the manufacturing process and manual measurement, product sizing may vary slightly.",,,,,,,
Supreme Egyptian Cotton 1500TC Quilt Cover Set - Charcoal,CASAMI,107.8,,img1: https://s.catch.com.au/images/product/0131/131816/64363b26b6afa391735063_w143h117.webp,,,"Product Description:-Pure luxury in 1500 thread count with ultra-softness and comfort.-Smooth sateen weave, simple, light weighted, long staple yarn and fine breathability.-Superior quality cotton, an exceptionally high thread count and lustrous sateen weave combine to create a superior quality fabric that feels cool in summer and warm in winter.Features:-Material: 100% Egyptian CottonCare Instructions:-Wash Separately Before First Use-Warm Machine Wash-Tumble Dry Warm-Warm Iron if Required-Do Not BleachSpecifications:-Single:-1 x Quilt Cover: 140 x 210cm-1 x Pillow Case: 48 x 73cm-Double:-1 x Quilt Cover: 180 x 210cm-2 x Pillow Case: 48 x 73cm-Queen:-1 x Quilt Cover: 210 x 210cm-2 x Pillow Case: 48 x 73cm-King:-1 x Quilt Cover: 245 x 210cm-2 x Pillow Case: 48 x 73cm-Super King:-1 x Quilt Cover: 270 x 240cm-2 x Pillow Case: 48 x 73cmPackage Inclusions:-1 x Quilt Cover SetNotes:-Actual colors may vary due to computer monitors displaying colors differently.-Due to the nature of the manufacturing process and manual measurement, product sizing may vary slightly.",,,,,,,
